package_name,label,timestamp,reflection_invoke_count,dex_class_loader_count,runtime_exec_count,dynamic_class_load_count,getPackageInfo_count,sendTextMessage_count,getDeviceId_count,getSubscriberId_count,cipher_init_count,cipher_aes_count,cipher_des_count,secret_key_gen_count,base64_encode_count,system_exit_attempt,debugger_check_count,emulator_check_count,root_check_count,sleep_call_count,stack_trace_inspect_count,secure_random_count,verify_attempt_count,string_decrypt_count,native_lib_load_count,implicit_intent_count,startActivity_count,sendBroadcast_count,bindService_count,content_resolver_query_count,content_resolver_insert_count,file_write_count,file_read_sensitive_count,shared_prefs_write_count,openFileOutput_count,deleteFile_count,getExternalStorageDirectory_count,socket_create_count,url_connection_count,ssl_bypass_attempt,dns_lookup_count,setRequestProperty_count,alarm_manager_set_count,job_scheduler_count,register_receiver_count,requestPermission_count,setComponentEnabled_count,thread_create_count,process_list_query_count,memory_alloc_large_count,class_loader_parent_count,native_method_register_count,network_score,anti_analysis_score,persistence_score,stealth_score,exfil_score,privilege_score,surveillance_score,dynamic_exec_score,crypto_to_network_ratio,write_to_read_ratio,anti_to_total_ratio,reflection_to_exec_ratio,network_to_activity_ratio,has_crypto_and_network,has_exfil_pattern,has_evasion_pattern,has_persistence_pattern,has_privilege_escalation,has_sms_exfil,has_full_spy_pattern,first_network_ms,first_crypto_ms,first_anti_analysis_ms,first_file_write_ms,first_reflection_ms,first_exec_ms,first_sms_ms,first_dynamic_load_ms,burst_peak_count,session_duration_ms,early_network_flag,early_anti_analysis_flag,crypto_before_network,rapid_burst_flag,seq_reflect_before_exec,seq_crypto_before_network,seq_root_check_before_exit,seq_dex_then_reflect,seq_anti_before_payload,seq_file_then_network,seq_contact_then_sms,seq_triple_chain_count,seq_max_chain_length,seq_alternating_crypto_net
com.ipmacae.app,benign,2026-02-27 14:34:30,10,0,0,2,3,0,0,0,0,0,0,0,12,0,0,0,0,0,0,0,0,0,0,2,0,0,0,0,0,0,0,0,0,1,0,0,3,0,0,0,0,0,2,0,0,0,0,0,0,0,3,0,2,12,15,0,3,10,0.0,0.0,0.0,10.0,3.0,0,1,0,0,0,0,0,646,-1,-1,-1,801,-1,-1,4868,25,75752,1,0,0,1,0,0,0,0,0,0,0,0,15,0
com.zerappa.thelante,benign,2026-02-27 14:36:09,27,0,0,10,2,0,0,0,0,0,0,0,0,0,0,0,0,0,0,1,0,0,0,4,0,0,1,0,0,0,0,1,0,1,1,0,0,0,0,0,0,0,2,0,0,0,0,0,0,0,0,0,2,37,0,0,2,27,0.0,0.0,0.0,27.0,0.0,0,0,0,0,0,0,0,-1,-1,-1,-1,331,-1,-1,347,33,75778,0,0,0,1,0,0,0,0,0,0,0,0,37,0
com.dragon.boy.adventure,benign,2026-02-27 16:13:34,2,0,0,0,0,0,0,0,0,0,0,0,0,0,0,0,0,1,0,0,0,0,0,0,0,0,0,0,0,0,0,0,0,1,0,0,0,0,0,0,0,0,0,0,0,0,0,0,0,0,0,1,0,2,0,0,0,2,0.0,0.0,0.25,2.0,0.0,0,0,1,0,0,0,0,-1,-1,-1,-1,1837,-1,-1,-1,4,76036,0,0,0,0,0,0,0,0,0,0,0,0,2,0
com.lifesavers.contactrestore,benign,2026-02-27 16:15:32,1046,1,0,33,47,0,0,0,0,0,0,0,54,0,0,0,1,1,4,5,0,0,0,28,1,0,6,8,0,0,0,2,0,11,0,0,4,0,0,0,0,0,26,0,0,2,4,0,0,0,4,6,26,1080,58,4,55,1047,0.0,0.0,0.0047,1046.0,4.0,0,1,1,0,0,0,0,7879,-1,949,-1,288,-1,-1,369,267,75894,0,1,0,1,0,0,0,1,0,0,0,0,200,0
com.prompt.vdcs,benign,2026-02-27 16:21:50,2,0,0,2,4,0,0,0,0,0,0,0,0,0,0,0,0,1,0,0,0,0,0,0,0,0,0,0,0,0,0,0,0,4,0,0,2,0,0,0,0,0,0,0,0,0,0,0,0,0,2,1,0,4,2,0,4,2,0.0,0.0,0.0667,2.0,2.0,0,0,1,0,0,0,0,1416,-1,-1,-1,1413,-1,-1,4416,15,75790,1,0,0,0,0,0,0,0,0,0,0,0,6,0
satexam.com,benign,2026-02-28 22:56:58,0,0,0,0,0,0,0,0,0,0,0,0,0,0,0,0,0,1,0,0,0,0,0,1,0,0,0,0,0,0,0,0,0,0,0,0,0,0,0,0,0,0,0,0,0,0,0,0,0,0,0,1,0,0,0,0,0,0,0.0,0.0,0.5,0.0,0.0,0,0,0,0,0,0,0,-1,-1,-1,-1,-1,-1,-1,-1,2,1280,0,0,0,0,0,0,0,0,0,0,0,0,0,0
com.mahalo.androidmobile.ccufl,benign,2026-02-28 22:57:54,0,0,0,0,0,0,0,0,0,0,0,0,0,0,0,0,0,0,0,0,0,0,0,0,0,0,0,0,0,0,0,0,0,0,0,0,0,0,0,0,0,0,0,0,0,0,0,0,0,0,0,0,0,0,0,0,0,0,0.0,0.0,0.0,0.0,0.0,0,0,0,0,0,0,0,-1,-1,-1,-1,-1,-1,-1,-1,0,1384,0,0,0,0,0,0,0,0,0,0,0,0,0,0
com.jmsoft.chungju.estate,benign,2026-02-28 22:58:22,2,0,0,1,1,0,0,0,0,0,0,0,0,0,0,0,0,1,0,0,0,0,0,2,1,0,1,0,0,0,0,1,0,2,0,0,0,0,0,0,0,0,0,0,0,0,0,0,6,0,0,1,0,3,0,0,1,2,0.0,0.0,0.0556,2.0,0.0,0,0,1,0,0,0,0,-1,-1,-1,-1,1241,-1,-1,325,18,1366,0,0,0,0,0,0,0,0,0,0,0,0,3,0
com.ft.news,benign,2026-02-28 23:00:31,645,0,0,230,27,0,0,0,0,0,0,0,38,0,0,0,0,1,0,0,0,0,0,34,0,0,23,0,10,0,0,59,4,22,0,0,7,0,0,0,0,0,24,0,0,3,4,0,0,0,7,1,24,875,45,14,27,645,0.0,0.0,0.0009,645.0,7.0,0,1,1,0,0,0,0,2423,-1,-1,-1,308,-1,-1,565,675,75528,1,0,0,1,0,0,0,0,0,0,0,0,200,0
com.globalpayments.atom,benign,2026-02-28 23:02:41,27,0,0,13,9,0,0,0,0,0,0,0,0,0,0,0,0,1,0,0,0,0,0,9,0,0,1,0,0,0,0,925,0,617,0,0,1,0,0,0,0,0,2,0,1,3,0,0,0,0,1,1,3,40,1,1,9,27,0.0,0.0,0.0006,27.0,1.0,0,0,1,1,0,0,0,3759,-1,-1,-1,3732,-1,-1,3727,1600,75682,1,0,0,1,0,0,0,0,0,0,0,0,41,0
com.car_wallpapers_collection.KTM_RC_200_Wallpapers,benign,2026-02-28 23:03:29,222,0,4,25,105,0,0,0,0,0,0,0,10,0,0,0,40,2,1,0,0,0,2,9,0,0,2,0,0,11,11,48,0,22,0,0,25,0,0,0,0,0,2,0,0,4,5,0,8,0,25,43,2,249,46,5,105,228,0.0,1.0,0.0771,55.5,25.0,0,1,1,0,1,0,0,1630,-1,1386,15071,2624,1396,-1,3454,330,21360,1,1,0,1,1,0,0,0,0,0,0,0,200,0
de.immowelt.android.immobiliensuche,benign,2026-02-28 23:05:08,39,0,0,24,13,0,0,0,0,0,0,0,16,0,0,0,0,1,0,0,0,0,0,9,0,0,2,0,0,0,0,30,0,15,0,0,3,1,0,0,0,0,0,0,2,0,0,0,0,0,3,1,2,63,19,2,13,39,0.0,0.0,0.0065,39.0,3.0,0,1,1,0,0,0,0,343,-1,-1,-1,403,-1,-1,324,128,75342,1,0,0,1,0,0,0,0,0,0,0,0,66,0
com.pick6fan.stormpick6,benign,2026-02-28 23:05:37,19,0,0,3,0,0,0,0,0,0,0,0,0,0,0,0,0,1,0,0,0,0,0,0,0,0,0,0,0,0,0,1,0,1,0,0,0,0,0,0,0,0,0,0,0,0,0,0,0,0,0,1,0,22,0,0,0,19,0.0,0.0,0.04,19.0,0.0,0,0,1,0,0,0,0,-1,-1,-1,-1,186,-1,-1,193,25,1285,0,0,0,1,0,0,0,0,0,0,0,0,22,0
com.inhandhealth.fyzicalpt.patient,benign,2026-02-28 23:06:06,28,0,0,0,0,0,0,0,0,0,0,0,0,0,0,0,0,1,0,0,0,0,0,1,0,0,1,0,0,0,0,1,0,2,0,0,1,0,0,0,0,0,0,0,0,0,0,0,0,0,1,1,0,28,1,0,0,28,0.0,0.0,0.0286,28.0,1.0,0,0,1,0,0,0,0,620,-1,-1,-1,339,-1,-1,-1,35,1485,1,0,0,1,0,0,0,0,0,0,0,0,29,0
com.mosambee.mpos.ngenius,benign,2026-02-28 23:07:43,1,0,1,14,4,0,0,0,20,20,0,1,0,0,0,0,0,1,0,3,0,0,0,5,1,0,1,0,0,0,0,3,0,3,1,0,0,0,0,0,0,0,0,1,0,0,0,0,0,0,0,1,0,15,20,1,4,2,0.0,0.0,0.0125,1.0,0.0,0,0,1,0,0,0,0,-1,2850,-1,-1,3000,3077,-1,262,80,75342,0,0,0,1,1,0,0,0,0,0,0,0,36,0
com.xerintel.wakeup93187,benign,2026-02-28 23:09:21,5449,0,0,0,0,0,0,0,0,0,0,0,4,0,0,0,0,1,0,0,0,0,0,6,0,1,1,0,0,0,0,2,0,4,0,0,0,0,0,0,0,0,4,0,0,0,0,0,0,0,0,1,4,5449,4,0,0,5449,0.0,0.0,0.0002,5449.0,0.0,0,0,1,0,0,0,0,-1,-1,-1,-1,598,-1,-1,-1,406,75681,0,0,0,1,0,0,0,0,0,0,0,0,200,0
net.rd.android.membercentric.snisonline,benign,2026-02-28 23:11:00,18,0,0,2,3,0,0,0,0,0,0,0,12,0,0,0,0,0,0,0,0,0,0,5,0,0,1,0,0,0,0,1,0,4,0,0,1,0,0,0,0,0,0,0,0,0,0,0,0,0,1,0,0,20,13,0,3,18,0.0,0.0,0.0,18.0,1.0,0,1,0,0,0,0,0,51600,-1,-1,-1,181,-1,-1,3978,25,75362,0,0,0,1,0,0,0,0,0,0,0,0,21,0
com.zhichengcloud.energo,benign,2026-02-28 23:11:29,0,0,0,0,0,0,0,0,0,0,0,0,0,0,0,0,0,1,0,0,0,0,0,1,0,0,0,0,0,0,0,0,0,1,0,0,0,0,0,0,0,0,0,0,0,0,0,0,0,0,0,1,0,0,0,0,0,0,0.0,0.0,0.3333,0.0,0.0,0,0,0,0,0,0,0,-1,-1,-1,-1,-1,-1,-1,-1,3,1156,0,0,0,0,0,0,0,0,0,0,0,0,0,0
com.csa.utilitynexus.natchezTraceEPA,benign,2026-02-28 23:13:30,1842,0,0,11,0,0,0,0,0,0,0,0,0,0,0,0,0,1,0,0,0,0,0,0,0,0,0,0,0,0,0,5,0,1,0,0,2,0,0,0,0,0,0,0,0,0,0,0,0,0,2,1,0,1853,2,0,0,1842,0.0,0.0,0.0005,1842.0,2.0,0,0,1,0,0,0,0,1064,-1,-1,-1,397,-1,-1,374,1862,75377,1,0,0,1,0,0,0,0,0,0,0,0,200,0
volumebooster.soundspeaker.boosterx,benign,2026-02-28 23:16:59,71,0,0,25,13,0,0,0,0,0,0,0,0,0,0,0,0,0,0,0,0,0,0,8,0,0,3,0,0,0,0,4,13,15,2,0,15,0,0,0,0,0,0,0,0,1,4,0,0,0,15,0,0,96,15,4,13,71,0.0,0.0,0.0,71.0,15.0,0,0,0,0,0,0,0,604,-1,-1,-1,749,-1,-1,584,138,75664,1,0,0,1,0,0,0,0,0,0,0,0,111,0
com.pomoroom.pomoroom,benign,2026-02-28 23:17:58,9,0,0,0,0,0,0,0,0,0,0,0,2,0,0,0,0,1,0,0,0,0,0,1,0,0,0,0,0,0,0,0,0,0,0,0,0,0,0,0,0,0,0,0,0,0,0,0,0,0,0,1,0,9,2,0,0,9,0.0,0.0,0.0769,9.0,0.0,0,0,1,0,0,0,0,-1,-1,-1,-1,574,-1,-1,-1,13,1203,0,0,0,0,0,0,0,0,0,0,0,0,9,0
com.meyer.finder,benign,2026-02-28 23:44:53,9,0,0,0,0,0,0,0,0,0,0,0,2,0,0,0,0,1,0,0,0,0,0,1,0,0,0,0,0,0,0,16,0,149,0,0,0,0,0,0,0,0,0,0,0,3,2,0,0,0,0,1,0,9,2,2,0,9,0.0,0.0,0.0055,9.0,0.0,0,0,1,0,0,0,0,-1,-1,-1,-1,360,-1,-1,-1,183,1184,0,0,0,1,0,0,0,0,0,0,0,0,9,0
com.codingspezis.android.metalonly.player,benign,2026-02-28 23:48:20,0,0,0,3,2,0,0,0,0,0,0,0,0,0,0,0,0,0,0,0,0,0,0,0,0,0,0,0,0,0,0,0,0,1,0,0,0,0,0,0,0,0,0,0,0,0,0,0,0,0,0,0,0,3,0,0,2,0,0.0,0.0,0.0,0.0,0.0,0,0,0,0,0,0,0,-1,-1,-1,-1,-1,-1,-1,4050,6,75604,0,0,0,0,0,0,0,0,0,0,0,0,3,0
com.apptegy.montgomerycps,benign,2026-02-28 23:59:12,142,0,0,15,3,0,0,0,6,6,0,0,4,0,0,0,0,1,0,1,0,0,0,5,0,0,2,0,0,0,0,19,0,11,0,0,1,0,0,0,0,0,0,0,0,4,2,0,0,0,1,1,0,157,11,2,3,142,6.0,0.0,0.0045,142.0,1.0,1,1,1,0,0,0,0,5538,9203,-1,-1,450,-1,-1,539,140,75744,0,0,0,1,0,0,0,0,0,0,0,0,164,0
ai.translator.english_tibetan,benign,2026-03-01 00:02:17,51,1,0,28,43,0,0,0,0,0,0,0,18,0,0,0,1,1,1,2,0,0,6,18,0,0,3,3,0,0,0,2,0,6,0,0,2,0,0,0,0,0,5,0,0,7,1,0,6,0,2,3,5,86,20,1,46,58,0.0,0.0,0.0146,51.0,2.0,0,1,1,0,1,0,0,9773,-1,10076,-1,1176,-1,-1,1177,157,76118,0,0,0,1,0,0,0,1,0,0,0,0,92,0
com.powerpeers.app,benign,2026-03-01 00:04:17,199,0,0,12,4,0,0,0,6,6,0,0,0,0,0,0,0,1,0,0,0,0,0,4,0,0,1,0,0,0,0,3,0,4,0,0,0,0,0,0,0,0,2,0,0,0,0,0,0,0,0,1,2,211,6,0,4,199,0.0,0.0,0.0041,199.0,0.0,0,0,1,0,0,0,0,-1,8016,-1,-1,579,-1,-1,500,179,76175,0,0,0,1,0,0,0,0,0,0,0,0,200,0
uk.co.christianhypnobirthing.androidoverview,benign,2026-03-01 00:06:26,252,0,0,10,3,0,0,0,0,0,0,0,0,0,0,0,0,1,0,1,0,0,0,7,0,1,1,0,0,335,335,3,0,5,1,0,0,0,0,0,0,0,0,0,0,26,0,0,0,0,0,1,0,262,335,0,3,252,0.0,1.0,0.001,252.0,0.0,0,0,1,0,0,0,0,-1,-1,-1,5835,4437,-1,-1,5729,814,78815,0,0,0,1,0,0,0,0,0,0,0,0,200,0
com.telvent.prophetx,benign,2026-03-01 00:09:06,0,0,0,2,2,0,0,0,0,0,0,0,0,0,0,0,0,1,0,0,0,0,0,0,0,0,0,0,0,0,0,0,0,1,0,0,0,0,0,0,0,0,0,0,0,0,0,0,0,0,0,1,0,2,0,0,2,0,0.0,0.0,0.1667,0.0,0.0,0,0,0,0,0,0,0,-1,-1,-1,-1,-1,-1,-1,4738,6,75551,0,0,0,0,0,0,0,0,0,0,0,0,2,0
pro.vitalii.andropods,benign,2026-03-01 00:11:12,0,0,0,3,2,0,0,0,0,0,0,0,0,0,0,0,0,0,0,0,0,0,0,0,0,0,0,0,0,0,0,0,0,1,0,0,0,0,0,0,0,0,0,0,0,0,0,0,0,0,0,0,0,3,0,0,2,0,0.0,0.0,0.0,0.0,0.0,0,0,0,0,0,0,0,-1,-1,-1,-1,-1,-1,-1,3041,6,77066,0,0,0,0,0,0,0,0,0,0,0,0,3,0
com.thestrainapp.greengrowers,benign,2026-03-01 00:14:05,123,0,0,11,0,0,0,0,0,0,0,0,0,0,0,0,0,3,0,2,0,0,0,0,0,0,0,0,0,0,0,0,0,0,1,0,0,0,0,0,0,0,2,0,0,2,0,0,0,0,0,3,2,134,0,0,0,123,0.0,0.0,0.0208,123.0,0.0,0,0,1,0,0,0,0,-1,-1,-1,-1,371,-1,-1,572,140,76013,0,0,0,1,0,0,0,0,0,0,0,0,134,0
com.linktechnology.pythonexample,benign,2026-03-01 00:16:08,2,0,0,0,0,0,0,0,0,0,0,0,0,0,0,0,0,0,0,0,0,0,0,1,1,0,0,0,0,0,0,0,0,0,0,0,0,0,0,0,0,0,0,0,0,0,0,0,0,0,0,0,0,2,0,0,0,2,0.0,0.0,0.0,2.0,0.0,0,0,0,0,0,0,0,-1,-1,-1,-1,2964,-1,-1,-1,4,75839,0,0,0,0,0,0,0,0,0,0,0,0,2,0
mlu.smarteez.mafranchise,benign,2026-03-01 00:45:53,27,0,0,11,12,0,0,0,2,2,0,0,10,0,0,0,0,1,0,0,0,0,0,10,1,0,1,0,0,0,0,35,0,16,0,0,0,2,0,0,0,0,1,0,0,0,2,0,0,0,0,1,1,38,12,2,12,27,0.0,0.0,0.0075,27.0,0.0,0,0,1,0,0,0,0,-1,2737,-1,-1,2733,-1,-1,882,127,76120,0,0,0,1,0,0,0,0,0,0,0,0,40,0
org.lds.sm,benign,2026-03-01 00:46:41,69,0,0,14,0,0,0,0,0,0,0,0,2,0,0,0,0,1,0,0,0,0,0,0,0,0,0,0,0,0,0,3,1,4,0,0,0,0,0,0,0,0,0,0,0,0,0,0,0,0,0,1,0,83,2,0,0,69,0.0,0.0,0.0106,69.0,0.0,0,0,1,0,0,0,0,-1,-1,-1,-1,166,-1,-1,291,94,1242,0,0,0,1,0,0,0,0,0,0,0,0,83,0
com.Tdee_Calculator,benign,2026-03-01 00:48:36,1177,0,0,34,22,0,0,0,0,0,0,0,24,0,0,0,16,1,0,0,0,0,0,17,0,2,6,2,0,0,0,31,2,42,0,0,6,0,0,0,0,0,18,0,2,1,0,0,5,0,6,17,20,1211,30,2,24,1177,0.0,0.0,0.0121,1177.0,6.0,0,1,1,1,0,0,0,486,-1,4087,-1,234,-1,-1,546,259,75477,1,1,0,1,0,0,0,0,0,0,0,0,200,0
ml.vivekthazhathattil.chalachithram,benign,2026-03-01 00:51:16,0,0,0,0,0,0,0,0,0,0,0,0,0,0,0,0,0,1,0,0,0,0,0,0,0,0,0,0,0,0,0,0,0,0,0,0,0,0,0,0,0,0,0,0,0,0,0,0,0,0,0,1,0,0,0,0,0,0,0.0,0.0,1.0,0.0,0.0,0,0,0,0,0,0,0,-1,-1,-1,-1,-1,-1,-1,-1,1,75539,0,0,0,0,0,0,0,0,0,0,0,0,0,0
com.facebook.lite,benign,2026-03-01 00:53:50,20,0,0,0,0,0,0,0,0,0,0,0,1,0,0,0,0,1,0,2,0,0,0,3,0,0,1,0,0,0,0,3,0,11,0,0,0,0,0,0,0,0,0,0,0,0,0,0,10,0,0,1,0,20,1,0,0,20,0.0,0.0,0.0192,20.0,0.0,0,0,1,0,0,0,0,-1,-1,-1,-1,9205,-1,-1,-1,51,75452,0,0,0,1,0,0,0,0,0,0,0,0,20,0
com.tithcqo.pensionlegacy.legacypension,benign,2026-03-01 00:55:21,0,0,0,0,0,0,0,0,0,0,0,0,0,0,0,0,0,0,0,0,0,0,0,0,0,0,0,0,0,0,0,0,0,0,0,0,0,0,0,0,0,0,0,0,0,0,0,0,0,0,0,0,0,0,0,0,0,0,0.0,0.0,0.0,0.0,0.0,0,0,0,0,0,0,0,-1,-1,-1,-1,-1,-1,-1,-1,0,1182,0,0,0,0,0,0,0,0,0,0,0,0,0,0
com.ruditrip,benign,2026-03-01 00:57:52,14,0,0,3,3,0,0,0,0,0,0,0,12,0,0,0,0,0,0,0,0,0,0,6,1,0,1,0,0,0,0,1,0,4,0,0,1,0,0,0,0,0,0,0,0,0,0,0,0,0,1,0,0,17,13,0,3,14,0.0,0.0,0.0,14.0,1.0,0,1,0,0,0,0,0,39030,-1,-1,-1,1306,-1,-1,3356,25,75289,0,0,0,1,0,0,0,0,0,0,0,0,18,0
app.donkeymobile.pknhazerswoudedorp,benign,2026-03-01 01:05:52,1,0,0,3,2,0,0,0,0,0,0,0,0,0,0,0,0,0,0,0,0,0,0,3,0,0,1,0,0,0,0,1,0,2,0,0,0,0,0,0,0,0,0,0,0,0,0,0,0,0,0,0,0,4,0,0,2,1,0.0,0.0,0.0,1.0,0.0,0,0,0,0,0,0,0,-1,-1,-1,-1,758,-1,-1,3512,13,75440,0,0,0,0,0,0,0,0,0,0,0,0,4,0
thetuna.fatcats.com,benign,2026-03-01 01:07:47,1,0,0,5,4,0,0,0,0,0,0,0,0,0,0,0,0,1,0,1,0,0,0,1,0,0,0,0,0,0,0,0,0,1,0,0,3,0,0,0,0,0,2,0,0,0,0,0,0,0,3,1,2,6,3,0,4,1,0.0,0.0,0.0526,1.0,3.0,0,0,1,0,0,0,0,679,-1,-1,-1,819,-1,-1,496,19,75625,1,0,0,0,0,0,0,0,0,0,0,0,9,0
jp.co.recruit.rikunabinext,benign,2026-03-01 01:09:41,59,0,0,4,4,0,0,0,0,0,0,0,8,0,0,0,0,1,0,0,0,0,0,4,0,0,1,0,0,0,0,3,2,9,0,0,1,0,0,0,0,0,1,0,0,0,1,0,0,0,1,1,1,63,9,1,4,59,0.0,0.0,0.0102,59.0,1.0,0,1,1,0,0,0,0,13748,-1,-1,-1,670,-1,-1,2229,88,76066,0,0,0,1,0,0,0,0,0,0,0,0,64,0
com.hosa.hosailc2025,benign,2026-03-01 01:11:35,18,0,0,3,2,0,0,0,0,0,0,0,0,0,0,0,0,0,0,0,0,0,0,3,0,0,1,0,0,0,0,1,0,2,0,0,1,0,0,0,0,0,0,0,0,0,0,0,0,0,1,0,0,21,1,0,2,18,0.0,0.0,0.0,18.0,1.0,0,0,0,0,0,0,0,1253,-1,-1,-1,387,-1,-1,512,29,75617,1,0,0,1,0,0,0,0,0,0,0,0,22,0
com.italy.earthquake,benign,2026-03-01 01:14:17,48,0,0,7,5,0,0,0,0,0,0,0,14,0,0,0,0,0,0,0,0,0,0,8,0,0,3,0,0,0,0,1,0,6,0,0,7,0,0,0,0,0,0,1,0,2,0,0,0,0,7,0,0,55,21,1,5,48,0.0,0.0,0.0,48.0,7.0,0,1,0,0,0,0,0,616,-1,-1,-1,383,-1,-1,995,77,75656,1,0,0,1,0,0,0,0,0,0,0,0,62,0
com.supporteld.mobile,benign,2026-03-01 01:16:12,22,0,0,5,2,0,0,0,0,0,0,0,0,0,0,0,0,0,0,2,0,0,0,1,0,0,0,0,0,0,0,0,0,0,1,0,0,0,0,0,0,0,2,0,0,0,0,0,0,0,0,0,2,27,0,0,2,22,0.0,0.0,0.0,22.0,0.0,0,0,0,0,0,0,0,-1,-1,-1,-1,596,-1,-1,659,34,75952,0,0,0,1,0,0,0,0,0,0,0,0,27,0
com.alliants.chat.web,benign,2026-03-01 01:19:18,37,0,0,41,14,0,0,0,20,20,0,0,4,0,0,0,8,1,0,2,0,0,0,11,0,0,3,0,0,0,0,23,0,14,0,0,2,1,0,0,0,0,10,0,3,2,0,0,0,0,2,9,13,78,26,3,14,37,10.0,0.0,0.0417,37.0,2.0,1,1,1,1,0,0,0,641,525,1132,-1,308,-1,-1,179,192,75373,1,1,1,1,0,1,0,0,0,0,0,16,108,0
me.hackerchick.sharetoinputstick,benign,2026-03-01 01:23:46,0,0,0,2,2,0,0,0,0,0,0,0,0,0,0,0,0,0,0,0,0,0,0,0,0,0,0,0,0,0,0,0,0,1,0,0,0,0,0,0,0,0,0,0,0,0,0,0,0,0,0,0,0,2,0,0,2,0,0.0,0.0,0.0,0.0,0.0,0,0,0,0,0,0,0,-1,-1,-1,-1,-1,-1,-1,2773,5,75396,0,0,0,0,0,0,0,0,0,0,0,0,2,0
com.chessbar,benign,2026-03-01 01:27:07,0,0,0,0,0,0,0,0,0,0,0,0,0,0,0,0,0,0,0,0,0,0,0,0,0,0,0,0,0,0,0,0,0,0,0,0,0,0,0,0,0,0,0,0,0,0,0,0,0,0,0,0,0,0,0,0,0,0,0.0,0.0,0.0,0.0,0.0,0,0,0,0,0,0,0,-1,-1,-1,-1,-1,-1,-1,-1,0,1209,0,0,0,0,0,0,0,0,0,0,0,0,0,0
com.nrvmobile.mojaapka.sk,benign,2026-03-01 01:29:39,594,0,0,4,0,0,0,0,0,0,0,0,0,0,0,0,0,0,0,2,0,0,0,0,0,0,0,0,0,0,0,0,0,0,0,0,0,0,0,0,0,0,0,0,0,0,0,0,0,0,0,0,0,598,0,0,0,594,0.0,0.0,0.0,594.0,0.0,0,0,0,0,0,0,0,-1,-1,-1,-1,239,-1,-1,200,299,75391,0,0,0,1,0,0,0,0,0,0,0,0,200,0
ini.sai.aarti,benign,2026-03-01 01:32:22,3365,0,0,20,21,0,0,0,0,0,0,0,82,0,0,0,0,4,2,7,0,0,0,27,1,0,2,5,0,0,0,3,0,7,1,0,10,0,0,0,0,0,19,0,0,0,7,0,0,0,10,6,19,3385,92,7,26,3365,0.0,0.0,0.0017,3365.0,10.0,0,1,1,0,0,0,0,8877,-1,-1,-1,4935,-1,-1,3510,371,76102,0,0,0,1,0,0,0,0,0,0,0,0,200,0
com.bong.pdf,benign,2026-03-01 01:34:18,4298,1,3,49,140,0,0,0,0,0,0,0,96,0,0,0,34,3,4,7,0,0,0,58,1,1,15,8,0,11,11,84,0,41,0,0,50,1,0,0,0,0,43,1,5,9,11,0,0,0,50,41,48,4348,157,17,148,4302,0.0,1.0,0.0082,1432.6667,50.0,0,1,1,1,0,0,0,1175,-1,2555,2171,490,2895,-1,493,927,75839,1,1,0,1,0,0,0,0,0,0,0,0,200,0
nz.scissors.app,benign,2026-03-01 01:41:04,109,0,1,19,12,0,0,0,0,0,0,0,0,0,0,0,9,0,0,1,0,0,0,6,0,0,1,0,0,0,0,1,0,10,0,0,5,0,0,0,0,0,2,0,0,1,0,0,0,0,5,9,2,128,5,0,12,110,0.0,0.0,0.0508,109.0,5.0,0,0,1,0,0,0,0,696,-1,1038,-1,408,1077,-1,456,176,75704,1,1,0,1,1,0,0,0,0,0,0,0,143,0
com.vladlee.easyblacklist,benign,2026-03-01 01:44:12,11,0,0,2,3,0,0,0,0,0,0,0,12,0,0,0,0,0,0,0,0,0,0,2,0,0,0,0,0,0,0,0,0,1,0,0,1,0,0,0,0,0,0,0,0,0,0,0,0,0,1,0,0,13,13,0,3,11,0.0,0.0,0.0,11.0,1.0,0,1,0,0,0,0,0,48538,-1,-1,-1,489,-1,-1,2889,25,75814,0,0,0,1,0,0,0,0,0,0,0,0,14,0
com.zenghsing.StitchPro,benign,2026-03-01 01:46:10,0,0,0,0,0,0,0,0,0,0,0,0,0,0,0,0,0,0,0,0,0,0,0,0,0,0,0,0,0,0,0,0,0,0,0,0,0,0,0,0,0,0,0,0,0,0,0,0,0,0,0,0,0,0,0,0,0,0,0.0,0.0,0.0,0.0,0.0,0,0,0,0,0,0,0,-1,-1,-1,-1,-1,-1,-1,-1,0,75852,0,0,0,0,0,0,0,0,0,0,0,0,0,0
be.thinkto.crukz,benign,2026-03-01 01:47:32,0,0,0,0,0,0,0,0,0,0,0,0,0,0,0,0,0,0,0,0,0,0,0,0,0,0,0,0,0,0,0,0,0,0,0,0,0,0,0,0,0,0,0,0,0,0,0,0,0,0,0,0,0,0,0,0,0,0,0.0,0.0,0.0,0.0,0.0,0,0,0,0,0,0,0,-1,-1,-1,-1,-1,-1,-1,-1,0,1171,0,0,0,0,0,0,0,0,0,0,0,0,0,0
foss.cnugteren.nlweer,benign,2026-03-01 01:49:26,873,0,0,13,4,0,0,0,0,0,0,0,0,0,0,0,0,0,0,1,0,0,0,1,0,0,0,0,0,0,0,0,0,1,0,0,0,0,0,0,0,0,4,0,0,0,0,0,0,0,0,0,4,886,0,0,4,873,0.0,0.0,0.0,873.0,0.0,0,0,0,0,0,0,0,-1,-1,-1,-1,437,-1,-1,490,87,75556,0,0,0,1,0,0,0,0,0,0,0,0,200,0
com.heyhub.ucd,benign,2026-03-01 01:50:12,9,0,0,10,0,0,0,0,0,0,0,0,2,0,0,0,0,1,0,0,0,0,0,2,0,0,1,0,0,0,0,0,0,5,0,0,0,0,0,0,0,0,0,0,0,0,0,0,0,0,0,1,0,19,2,0,0,9,0.0,0.0,0.0333,9.0,0.0,0,0,1,0,0,0,0,-1,-1,-1,-1,197,-1,-1,222,30,1194,0,0,0,1,0,0,0,0,0,0,0,0,19,0
com.changEd.administrator.changedapp_production,benign,2026-03-01 01:52:06,158,0,0,16,7,0,0,0,0,0,0,0,0,0,0,0,0,0,0,0,0,0,0,7,1,0,2,0,0,0,0,21,4,15,0,0,2,1,0,0,0,0,0,0,0,1,0,0,0,0,2,0,0,174,2,0,7,158,0.0,0.0,0.0,158.0,2.0,0,0,0,0,0,0,0,730,-1,-1,-1,306,-1,-1,454,227,75594,1,0,0,1,0,0,0,0,0,0,0,0,176,0
org.secuso.privacyfriendlypin,benign,2026-03-01 01:54:02,0,0,0,0,0,0,0,0,0,0,0,0,0,0,0,0,0,0,0,0,0,0,0,0,0,0,0,0,0,0,0,0,0,0,0,0,0,0,0,0,0,0,0,0,0,0,0,0,0,0,0,0,0,0,0,0,0,0,0.0,0.0,0.0,0.0,0.0,0,0,0,0,0,0,0,-1,-1,-1,-1,-1,-1,-1,-1,0,75546,0,0,0,0,0,0,0,0,0,0,0,0,0,0
com.zenscale.consumption,benign,2026-03-01 01:54:47,0,0,0,0,0,0,0,0,0,0,0,0,0,0,0,0,0,1,0,0,0,0,0,0,0,0,0,0,0,0,0,0,0,0,0,0,0,0,0,0,0,0,0,0,0,0,0,0,0,0,0,1,0,0,0,0,0,0,0.0,0.0,1.0,0.0,0.0,0,0,0,0,0,0,0,-1,-1,-1,-1,-1,-1,-1,-1,1,1175,0,0,0,0,0,0,0,0,0,0,0,0,0,0
com.melium.fashion,benign,2026-03-01 01:56:14,46,0,0,12,2,0,0,0,0,0,0,0,2,0,0,0,0,0,0,0,0,0,0,5,0,0,1,0,0,0,0,3,0,7,0,0,6,0,0,0,0,0,1,0,0,0,0,0,0,0,6,0,1,58,8,0,2,46,0.0,0.0,0.0,46.0,6.0,0,1,0,0,0,0,0,712,-1,-1,-1,332,-1,-1,651,85,6426,1,0,0,1,0,0,0,0,0,0,0,0,64,0
com.terracycle.loop,benign,2026-03-01 01:58:49,6707,0,0,28,11,0,0,0,0,0,0,0,0,0,0,0,0,1,0,0,0,0,0,8,0,1,1,2,0,0,0,2,0,6,0,0,0,1,0,0,0,0,2,0,0,4,2,0,2,0,0,1,2,6735,0,2,13,6707,0.0,0.0,0.0001,6707.0,0.0,0,0,1,0,0,0,0,-1,-1,-1,-1,284,-1,-1,357,6766,75488,0,0,0,1,0,0,0,0,0,0,0,0,200,0
com.chandan.upscncerthindi,benign,2026-03-01 02:02:20,78,0,0,30,8,0,0,0,0,0,0,0,6,0,0,0,8,0,0,0,0,0,0,6,0,0,0,0,0,0,0,21,0,13,0,0,5,0,0,0,0,0,0,0,2,3,0,0,0,0,5,8,2,108,11,2,8,78,0.0,0.0,0.0444,78.0,5.0,0,1,1,0,0,0,0,1502,-1,3104,-1,1490,-1,-1,1509,163,75714,1,1,0,1,0,0,0,0,0,0,0,0,121,0
ai.igenius.crystalenterprise,benign,2026-03-01 02:08:14,9,0,0,0,0,0,0,0,0,0,0,0,0,0,0,0,0,0,0,0,0,0,0,0,0,0,0,0,0,0,0,0,0,0,0,0,0,0,0,0,0,0,0,0,0,0,0,0,0,0,0,0,0,9,0,0,0,9,0.0,0.0,0.0,9.0,0.0,0,0,0,0,0,0,0,-1,-1,-1,-1,259,-1,-1,-1,9,1362,0,0,0,0,0,0,0,0,0,0,0,0,9,0
com.market.plix,benign,2026-03-01 02:10:10,5,0,0,15,4,0,0,0,0,0,0,0,0,0,0,0,0,0,0,0,0,0,0,6,1,0,2,0,0,0,0,3,0,5,0,0,0,4,0,0,0,0,0,0,0,0,0,0,0,0,0,0,0,20,0,0,4,5,0.0,0.0,0.0,5.0,0.0,0,0,0,0,0,0,0,-1,-1,-1,-1,1222,-1,-1,1175,45,76051,0,0,0,1,0,0,0,0,0,0,0,0,20,0
com.eme.o7,benign,2026-03-01 02:10:57,0,0,0,0,0,0,0,0,0,0,0,0,2,0,0,0,0,1,0,0,0,0,0,0,0,0,0,0,0,0,0,0,0,2,0,0,0,0,0,0,0,0,0,0,0,0,0,0,0,0,0,1,0,0,2,0,0,0,0.0,0.0,0.2,0.0,0.0,0,0,0,0,0,0,0,-1,-1,-1,-1,-1,-1,-1,-1,5,1302,0,0,0,0,0,0,0,0,0,0,0,0,0,0
com.digitalsof.persona,benign,2026-03-01 02:12:52,3,0,0,1,0,0,0,0,0,0,0,0,0,0,0,0,0,1,0,0,0,0,0,1,1,0,0,0,0,0,0,0,0,0,0,0,0,0,0,0,0,0,0,0,0,0,0,0,0,0,0,1,0,4,0,0,0,3,0.0,0.0,0.1429,3.0,0.0,0,0,1,0,0,0,0,-1,-1,-1,-1,871,-1,-1,911,7,75857,0,0,0,0,0,0,0,0,0,0,0,0,4,0
kr.co.tesfy.dayaction2,benign,2026-03-01 02:14:48,0,0,0,0,0,0,0,0,0,0,0,0,0,0,0,0,0,1,0,0,0,0,0,0,0,0,0,0,0,0,0,0,0,0,0,0,0,0,0,0,0,0,0,0,0,0,0,0,0,0,0,1,0,0,0,0,0,0,0.0,0.0,1.0,0.0,0.0,0,0,0,0,0,0,0,-1,-1,-1,-1,-1,-1,-1,-1,1,75433,0,0,0,0,0,0,0,0,0,0,0,0,0,0
all.language.translator.hub.somalitotamiltranslator,benign,2026-03-01 02:18:47,2231,0,0,52,51,0,0,0,0,0,0,0,144,0,0,0,0,2,3,11,0,0,0,50,1,0,11,8,0,0,0,7,3,19,0,0,14,0,0,0,0,0,44,0,0,0,11,0,0,0,14,5,44,2283,158,11,59,2231,0.0,0.0,0.0019,2231.0,14.0,0,1,1,0,0,0,0,1485,-1,-1,-1,302,-1,-1,614,551,75883,1,0,0,1,0,0,0,0,0,0,0,0,200,0
com.moodle.unijui,benign,2026-03-01 02:19:34,0,0,0,2,2,0,0,0,0,0,0,0,0,0,0,0,0,0,0,0,0,0,0,4,0,0,1,0,0,0,0,1,0,1,0,0,0,0,0,0,0,0,0,0,0,0,0,0,0,0,0,0,0,2,0,0,2,0,0.0,0.0,0.0,0.0,0.0,0,0,0,0,0,0,0,-1,-1,-1,-1,-1,-1,-1,1399,11,1491,0,0,0,0,0,0,0,0,0,0,0,0,2,0
com.interactivefmg.ifmgapp,benign,2026-03-01 02:21:31,65,0,0,10,5,0,0,0,0,0,0,0,0,0,0,0,0,0,0,0,0,0,0,5,0,0,2,0,0,0,0,1,0,2,0,0,3,0,0,0,0,0,2,0,0,0,0,0,0,0,3,0,2,75,3,0,5,65,0.0,0.0,0.0,65.0,3.0,0,0,0,0,0,0,0,2285,-1,-1,-1,1986,-1,-1,2052,92,75841,1,0,0,1,0,0,0,0,0,0,0,0,78,0
ee.parkner.production,benign,2026-03-01 02:23:27,30,0,0,7,6,0,0,0,0,0,0,0,0,0,0,0,0,0,0,0,0,0,0,5,0,0,1,0,0,0,0,5,2,10,0,0,1,1,0,0,0,0,0,0,0,0,0,0,0,0,1,0,0,37,1,0,6,30,0.0,0.0,0.0,30.0,1.0,0,0,0,0,0,0,0,1757,-1,-1,-1,722,-1,-1,576,68,75435,1,0,0,1,0,0,0,0,0,0,0,0,38,0
powerful.miracle.financialbreakthroughprayers.english,benign,2026-03-01 02:25:26,13,0,0,8,1,0,0,0,0,0,0,0,0,0,0,0,0,0,0,2,0,0,0,0,0,0,0,0,0,0,0,0,0,0,0,0,0,0,0,0,0,0,2,0,0,0,0,0,0,0,0,0,2,21,0,0,1,13,0.0,0.0,0.0,13.0,0.0,0,0,0,0,0,0,0,-1,-1,-1,-1,2298,-1,-1,1036,20,76216,0,0,0,1,0,0,0,0,0,0,0,0,21,0
com.appseo.radiooberwallisrro,benign,2026-03-01 02:27:22,981,0,0,20,14,0,0,0,0,0,0,0,20,0,0,0,0,1,0,1,0,0,0,9,1,0,3,0,0,0,0,3,0,8,0,0,4,1,0,0,0,0,5,0,0,1,0,0,0,0,4,1,5,1001,24,0,14,981,0.0,0.0,0.0009,981.0,4.0,0,1,1,0,0,0,0,9369,-1,-1,-1,776,-1,-1,3133,83,76120,0,0,0,1,0,0,0,0,0,0,0,0,200,0
com.YggdrasilLabsAB.BoohBrawlers,benign,2026-03-01 02:28:10,1,0,0,1,0,0,0,0,0,0,0,0,0,0,0,0,0,0,0,0,0,0,0,0,0,0,0,0,0,0,0,0,0,0,0,0,0,0,0,0,0,0,0,0,0,0,0,0,0,0,0,0,0,2,0,0,0,1,0.0,0.0,0.0,1.0,0.0,0,0,0,0,0,0,0,-1,-1,-1,-1,1415,-1,-1,1442,2,1559,0,0,0,0,0,0,0,0,0,0,0,0,2,0
com.sslwireless.alil,benign,2026-03-01 02:30:07,3,0,0,2,5,0,0,0,0,0,0,0,0,0,0,0,0,0,0,0,0,0,0,2,1,0,1,0,0,0,0,3,0,2,0,0,0,0,0,0,0,0,0,0,0,0,0,0,0,0,0,0,0,5,0,0,5,3,0.0,0.0,0.0,3.0,0.0,0,0,0,0,0,0,0,-1,-1,-1,-1,1351,-1,-1,3871,19,75634,0,0,0,0,0,0,0,0,0,0,0,0,5,0
com.appon.deadevil,benign,2026-03-01 02:32:04,54,0,0,36,10,0,0,0,0,0,0,0,14,0,0,0,0,4,9,1,0,0,3,5,0,0,0,0,0,0,0,9,0,10,0,0,4,0,1,0,0,0,5,0,0,4,0,0,10,0,5,13,5,93,19,0,10,57,0.0,0.0,0.0726,54.0,5.0,0,1,1,0,0,0,0,3997,-1,-1,-1,3955,-1,-1,4003,98,76090,1,0,0,1,0,0,0,0,0,0,0,0,98,0
eu.javimar.swimmerpro.swimmer.baseClub,benign,2026-03-01 02:35:44,2,0,0,1,1,0,0,0,0,0,0,0,0,0,0,0,0,0,0,0,0,0,0,4,0,0,1,0,0,0,0,2,0,4,0,0,0,0,0,0,0,0,0,0,0,1,2,0,0,0,0,0,0,3,0,2,1,2,0.0,0.0,0.0,2.0,0.0,0,0,0,0,0,0,0,-1,-1,-1,-1,1132,-1,-1,1807,18,75918,0,0,0,0,0,0,0,0,0,0,0,0,3,0
com.caledoniadancecenter.mi,benign,2026-03-01 02:37:43,22,0,0,9,5,0,0,0,0,0,0,0,2,0,0,0,0,0,0,1,0,0,0,9,0,0,1,0,0,0,0,2,0,2,0,0,1,0,0,0,0,0,0,0,6,0,0,0,0,0,1,0,6,31,3,6,5,22,0.0,0.0,0.0,22.0,1.0,0,1,0,0,0,0,0,1326,-1,-1,-1,1392,-1,-1,1321,48,75641,1,0,0,1,0,0,0,0,0,0,0,0,32,0
com.android.gpstest.osmdroid,benign,2026-03-01 02:41:23,0,0,0,4,4,0,0,0,0,0,0,0,0,0,0,0,0,0,0,0,0,0,0,1,0,0,0,0,0,0,0,0,0,1,0,0,0,0,0,0,0,0,0,0,0,0,0,0,0,0,0,0,0,4,0,0,4,0,0.0,0.0,0.0,0.0,0.0,0,0,0,0,0,0,0,-1,-1,-1,-1,-1,-1,-1,2741,10,75576,0,0,0,0,0,0,0,0,0,0,0,0,4,0
com.firstdata.finpay,benign,2026-03-01 02:43:19,9,0,0,5,2,0,0,0,0,0,0,0,0,0,0,0,0,0,0,1,0,0,0,4,0,0,1,0,0,0,0,2,0,2,0,0,0,0,0,0,0,0,0,0,0,0,0,0,0,0,0,0,0,14,0,0,2,9,0.0,0.0,0.0,9.0,0.0,0,0,0,0,0,0,0,-1,-1,-1,-1,3747,-1,-1,2455,23,75974,0,0,0,1,0,0,0,0,0,0,0,0,14,0
com.imweb.appS20201121486e0fd7b9533_b96848cc1cd9d,benign,2026-03-01 02:45:27,12,0,0,0,4,0,0,0,0,0,0,0,0,0,0,0,0,0,0,0,0,0,0,2,1,0,1,0,0,0,0,0,0,0,2,0,3,0,0,0,0,0,0,0,0,0,0,0,0,0,3,0,0,12,3,0,4,12,0.0,0.0,0.0,12.0,3.0,0,0,0,0,0,0,0,790,-1,-1,-1,1267,-1,-1,-1,25,1324,1,0,0,1,0,0,0,0,0,0,0,0,15,0
com.incomm.spendwell,benign,2026-03-01 02:47:27,5,0,0,0,0,0,0,0,0,0,0,0,0,0,0,0,0,0,0,0,0,0,0,0,0,0,0,0,0,0,0,1,0,1,0,0,0,0,0,0,0,0,0,0,0,0,0,0,0,0,0,0,0,5,0,0,0,5,0.0,0.0,0.0,5.0,0.0,0,0,0,0,0,0,0,-1,-1,-1,-1,2828,-1,-1,-1,7,76159,0,0,0,0,0,0,0,0,0,0,0,0,5,0
com.expensemanager,benign,2026-03-01 02:53:13,3557,0,0,45,56,0,0,0,0,0,0,0,128,0,0,0,1,1,1,11,0,0,0,77,0,0,9,9,0,0,0,7,0,13,0,0,19,0,0,0,0,0,45,0,0,0,10,0,0,0,19,3,45,3602,147,10,65,3557,0.0,0.0,0.0008,3557.0,19.0,0,1,1,0,0,0,0,11095,-1,560,-1,544,-1,-1,3177,497,76240,0,1,0,1,0,0,0,0,0,0,0,0,200,0
it.fast4x.rimusic,benign,2026-03-01 02:55:52,74,0,0,15,4,0,0,0,0,0,0,0,0,0,0,0,0,1,0,0,0,0,0,1,0,0,0,0,0,0,0,0,0,2,0,0,1,2,0,0,0,0,0,0,0,4,0,0,0,0,1,1,0,89,1,0,4,74,0.0,0.0,0.0096,74.0,1.0,0,0,1,0,0,0,0,803,-1,-1,-1,992,-1,-1,787,103,75707,1,0,0,1,0,0,0,0,0,0,0,0,90,0
ch.kitt.schellbeckapp,benign,2026-03-01 03:01:35,6,0,0,12,4,0,0,0,0,0,0,0,0,0,0,0,0,0,0,0,0,0,0,6,0,0,2,0,0,0,0,1,0,2,0,0,3,0,0,0,0,0,4,0,0,0,0,0,0,0,3,0,4,18,3,0,4,6,0.0,0.0,0.0,6.0,3.0,0,0,0,0,0,0,0,3094,-1,-1,-1,2940,-1,-1,2962,37,75837,1,0,0,1,0,0,0,0,0,0,0,0,21,0
com.room.temperature.meter,benign,2026-03-01 03:03:33,4220,1,0,38,56,0,0,0,0,0,0,0,48,0,0,0,1,1,2,4,0,0,0,33,1,0,9,6,0,0,0,7,0,15,0,0,8,0,0,0,0,0,39,0,0,1,6,0,0,0,8,4,39,4259,56,6,62,4221,0.0,0.0,0.0009,4220.0,8.0,0,1,1,0,0,0,0,14861,-1,5343,-1,1944,-1,-1,2257,394,76139,0,0,0,1,0,0,0,1,0,0,0,0,200,0
fb.EN.Quechua,benign,2026-03-01 03:05:31,815,0,0,18,4,0,0,0,0,0,0,0,0,0,0,0,0,0,0,1,0,0,0,1,0,0,0,0,0,0,0,2,0,2,0,0,0,0,0,0,0,0,2,0,0,0,0,0,0,0,0,0,2,833,0,0,4,815,0.0,0.0,0.0,815.0,0.0,0,0,0,0,0,0,0,-1,-1,-1,-1,838,-1,-1,907,834,76192,0,0,0,1,0,0,0,0,0,0,0,0,200,0
com.numberquest.master,benign,2026-03-01 03:07:29,179,1,0,37,61,0,0,0,0,0,0,0,22,0,0,0,1,0,2,2,0,0,0,23,0,0,9,6,0,0,0,3,0,12,0,0,2,0,0,0,0,0,28,0,0,1,2,0,0,0,2,3,28,217,24,2,67,180,0.0,0.0,0.0077,179.0,2.0,0,1,1,0,0,0,0,13982,-1,13221,-1,1214,-1,-1,1419,212,75671,0,0,0,1,0,0,0,1,0,0,0,0,200,0
com.lycadigital.lycamobileusa,benign,2026-03-01 03:09:26,22,0,0,1,0,0,0,0,0,0,0,0,0,0,0,0,0,0,0,0,0,0,0,4,1,0,1,0,0,0,0,2,0,4,0,0,0,0,0,0,0,0,0,0,0,0,0,0,0,0,0,0,0,23,0,0,0,22,0.0,0.0,0.0,22.0,0.0,0,0,0,0,0,0,0,-1,-1,-1,-1,273,-1,-1,1867,35,75540,0,0,0,1,0,0,0,0,0,0,0,0,23,0
com.ape.games.troll.defense,benign,2026-03-01 03:12:03,86,0,0,5,6,0,0,0,0,0,0,0,1,0,0,0,2,0,0,0,0,0,0,0,0,0,0,1,0,0,0,2,0,2,3,0,0,0,0,0,0,0,2,0,0,2,0,0,0,0,0,2,2,91,1,0,7,86,0.0,0.0,0.0179,86.0,0.0,0,0,1,0,0,0,0,-1,-1,1119,-1,778,-1,-1,779,92,76165,0,1,0,1,0,0,0,0,0,0,0,0,94,0
com.aerotoad.thud,benign,2026-03-01 03:14:40,116,0,0,2,2,0,0,0,0,0,0,0,0,0,0,0,0,0,0,0,0,0,0,1,0,0,0,0,0,0,0,4,0,4,0,0,3,0,0,0,0,0,0,0,0,0,0,0,0,0,3,0,0,118,3,0,2,116,0.0,0.0,0.0,116.0,3.0,0,0,0,0,0,0,0,1284,-1,-1,-1,2429,-1,-1,1383,131,75697,1,0,0,1,0,0,0,0,0,0,0,0,121,0
com.hit.ststeve,benign,2026-03-01 03:17:36,0,0,0,0,0,0,0,0,0,0,0,0,0,0,0,0,0,1,0,0,0,0,0,0,0,0,0,0,0,0,0,0,0,0,0,0,0,0,0,0,0,0,0,0,0,0,0,0,0,0,0,1,0,0,0,0,0,0,0.0,0.0,1.0,0.0,0.0,0,0,0,0,0,0,0,-1,-1,-1,-1,-1,-1,-1,-1,1,75323,0,0,0,0,0,0,0,0,0,0,0,0,0,0
com.progos.speakingtest.production,benign,2026-03-01 03:20:47,0,0,0,0,0,0,0,0,0,0,0,0,0,0,0,0,0,1,0,0,0,0,0,0,0,0,0,0,0,0,0,0,0,0,0,0,0,0,0,0,0,0,0,0,0,0,0,0,0,0,0,1,0,0,0,0,0,0,0.0,0.0,1.0,0.0,0.0,0,0,0,0,0,0,0,-1,-1,-1,-1,-1,-1,-1,-1,1,1263,0,0,0,0,0,0,0,0,0,0,0,0,0,0
com.dy.tlfa.wcc.jmsnf,benign,2026-03-01 03:22:44,0,0,0,0,0,0,0,0,0,0,0,0,0,0,0,0,0,0,0,0,0,0,0,0,0,0,0,0,0,0,0,0,0,0,0,0,0,0,0,0,0,0,0,0,0,0,0,0,0,0,0,0,0,0,0,0,0,0,0.0,0.0,0.0,0.0,0.0,0,0,0,0,0,0,0,-1,-1,-1,-1,-1,-1,-1,-1,0,75744,0,0,0,0,0,0,0,0,0,0,0,0,0,0
fitnesstraining.workout.stopwatch.hiit.intervaltimer,benign,2026-03-01 03:26:39,14,0,0,17,13,0,0,0,0,0,0,0,38,0,0,0,0,0,0,1,0,0,1,9,1,0,0,0,0,0,0,0,0,1,0,0,2,0,0,0,0,0,0,0,0,1,0,0,6,0,2,0,0,32,40,0,13,15,0.0,0.0,0.0,14.0,2.0,0,1,0,0,0,0,0,4891,-1,-1,-1,462,-1,-1,858,59,75547,1,0,0,1,0,0,0,0,0,0,0,0,34,0
com.enzipe.reescribirtextos,benign,2026-03-01 03:29:15,0,0,0,0,0,0,0,0,0,0,0,0,2,0,0,0,0,0,0,0,0,0,0,0,0,0,0,0,0,0,0,0,0,1,0,0,0,0,0,0,0,0,0,0,0,0,0,0,0,0,0,0,0,0,2,0,0,0,0.0,0.0,0.0,0.0,0.0,0,0,0,0,0,0,0,-1,-1,-1,-1,-1,-1,-1,-1,3,1245,0,0,0,0,0,0,0,0,0,0,0,0,0,0
com.dergoogler.mmrl,benign,2026-03-01 03:32:29,12,0,0,14,2,0,0,0,0,0,0,0,0,0,0,0,0,0,0,1,0,0,0,0,0,0,0,0,0,0,0,0,0,6,0,0,0,2,0,0,0,0,0,0,2,4,0,0,0,0,0,0,2,26,0,2,2,12,0.0,0.0,0.0,12.0,0.0,0,0,0,0,0,0,0,-1,-1,-1,-1,1101,-1,-1,1235,43,75598,0,0,0,1,0,0,0,0,0,0,0,0,26,0
uk.cookstowncu.mobileapp,benign,2026-03-01 03:37:47,124,0,0,5,0,0,0,0,0,0,0,0,0,0,0,0,0,1,0,1,0,0,0,4,0,0,1,0,0,0,0,2,0,2,1,0,0,0,0,0,0,0,2,0,0,1,0,0,0,0,0,1,2,129,0,0,0,124,0.0,0.0,0.0069,124.0,0.0,0,0,1,0,0,0,0,-1,-1,-1,-1,1696,-1,-1,2711,140,75833,0,0,0,1,0,0,0,0,0,0,0,0,129,0
com.harfordcontrol.android.factorystatus,benign,2026-03-01 03:39:46,3,0,0,6,4,0,0,0,0,0,0,0,0,0,0,0,0,1,0,0,0,0,0,1,0,0,0,0,0,0,0,0,0,1,0,0,0,0,0,0,0,0,0,0,0,0,0,0,0,0,0,1,0,9,0,0,4,3,0.0,0.0,0.0625,3.0,0.0,0,0,1,0,0,0,0,-1,-1,-1,-1,1403,-1,-1,2560,16,76033,0,0,0,0,0,0,0,0,0,0,0,0,9,0
com.roku.tv.remote.jvc,benign,2026-03-01 03:42:38,1642,0,0,34,29,0,0,0,0,0,0,0,28,0,0,0,0,2,1,3,0,0,0,14,1,0,6,3,0,0,0,1,0,3,0,0,6,0,1,0,0,0,26,0,0,0,2,0,0,0,7,3,26,1676,35,2,32,1642,0.0,0.0,0.0017,1642.0,7.0,0,1,1,0,0,0,0,2704,-1,-1,-1,1279,-1,-1,1312,244,75748,1,0,0,1,0,0,0,0,0,0,0,0,200,0
com.ionicframework.QRPoint994198,benign,2026-03-01 03:45:20,0,0,0,5,2,0,0,0,0,0,0,0,4,0,0,0,0,0,0,1,0,0,0,6,0,0,3,0,0,0,0,4,0,2,1,0,0,0,0,0,0,0,2,0,0,0,0,0,0,0,0,0,2,5,4,0,2,0,0.0,0.0,0.0,0.0,0.0,0,0,0,0,0,0,0,-1,-1,-1,-1,-1,-1,-1,1388,30,75803,0,0,0,1,0,0,0,0,0,0,0,0,5,0
com.game.snp.shipnpuzzle,benign,2026-03-01 03:47:20,6,0,0,1,0,0,0,0,0,0,0,0,0,0,0,0,0,1,0,0,0,0,0,1,1,0,0,0,0,0,0,0,0,0,0,0,0,0,0,0,0,0,0,0,0,0,0,0,0,0,0,1,0,7,0,0,0,6,0.0,0.0,0.1,6.0,0.0,0,0,1,0,0,0,0,-1,-1,-1,-1,2277,-1,-1,5286,10,77262,0,0,0,0,0,0,0,0,0,0,0,0,7,0
com.wstyle.tw,benign,2026-03-01 03:50:50,524,0,0,26,7,0,0,0,0,0,0,0,0,0,0,0,0,1,0,0,0,0,0,7,0,0,1,0,0,0,0,3,0,10,2,0,6,0,0,0,0,0,8,0,0,3,0,0,0,0,6,1,8,550,6,0,7,524,0.0,0.0,0.0017,524.0,6.0,0,0,1,0,0,0,0,510,-1,-1,-1,1026,-1,-1,1187,154,75643,1,0,0,1,0,0,0,0,0,0,0,0,200,0
com.edu.carerorbit,benign,2026-03-01 03:53:06,0,0,0,0,0,0,0,0,0,0,0,0,0,0,0,0,0,0,0,0,0,0,0,0,0,0,0,0,0,0,0,0,0,0,0,0,0,0,0,0,0,0,0,0,0,0,0,0,0,0,0,0,0,0,0,0,0,0,0.0,0.0,0.0,0.0,0.0,0,0,0,0,0,0,0,-1,-1,-1,-1,-1,-1,-1,-1,0,1298,0,0,0,0,0,0,0,0,0,0,0,0,0,0
it.dieffetech.prenotamicloud,benign,2026-03-01 03:56:25,37,0,0,7,12,0,0,0,0,0,0,2,0,0,0,0,0,0,0,0,0,0,0,11,0,1,1,2,0,0,0,23,3,13,0,0,4,0,0,0,0,0,1,1,0,0,0,0,2,0,4,0,1,44,4,1,14,37,0.5,0.0,0.0,37.0,4.0,1,0,0,0,0,0,0,1766,-1,-1,-1,498,-1,-1,1146,110,75793,1,0,0,1,0,0,0,0,0,0,0,0,50,0
com.kj4347.app2,benign,2026-03-01 03:57:13,0,0,0,0,0,0,0,0,0,0,0,0,0,0,0,0,0,0,0,0,0,0,0,0,0,0,0,0,0,0,0,0,0,0,0,0,0,0,0,0,0,0,0,0,0,0,0,0,0,0,0,0,0,0,0,0,0,0,0.0,0.0,0.0,0.0,0.0,0,0,0,0,0,0,0,-1,-1,-1,-1,-1,-1,-1,-1,0,1346,0,0,0,0,0,0,0,0,0,0,0,0,0,0
de.peters_webcorner.android.takethis,benign,2026-03-01 04:02:59,0,0,0,6,4,0,0,0,0,0,0,0,0,0,0,0,0,0,0,0,0,0,0,1,0,0,0,0,0,0,0,0,0,1,0,0,0,0,0,0,0,0,0,0,0,0,0,0,0,0,0,0,0,6,0,0,4,0,0.0,0.0,0.0,0.0,0.0,0,0,0,0,0,0,0,-1,-1,-1,-1,-1,-1,-1,903,12,75645,0,0,0,0,0,0,0,0,0,0,0,0,6,0
com.incash.money.earning,benign,2026-03-01 04:04:57,86,0,0,32,25,0,0,0,0,0,0,0,0,0,0,0,0,3,0,1,0,0,0,19,0,0,10,0,0,0,0,5,2,25,0,0,4,0,0,0,0,0,11,0,2,6,2,0,0,0,4,3,13,118,4,4,25,86,0.0,0.0,0.0129,86.0,4.0,0,0,1,1,0,0,0,1018,-1,-1,-1,1007,-1,-1,1017,214,75552,1,0,0,1,0,0,0,0,0,0,0,0,122,0
events.grip.axl1045,benign,2026-03-01 04:06:55,84,0,0,12,21,0,0,0,51,51,0,0,70,0,0,0,8,1,0,3,0,0,1,12,1,0,3,0,0,0,0,33,0,17,0,0,6,0,0,0,0,0,0,0,1,8,2,0,6,0,6,9,1,97,127,3,21,85,8.5,0.0,0.023,84.0,6.0,1,1,1,0,1,0,0,1073,1093,7782,-1,508,-1,-1,1069,273,75652,1,0,0,1,0,1,0,0,0,0,0,51,162,0
com.sr.bird,benign,2026-03-01 04:08:53,4300,1,0,360,282,0,0,0,0,0,0,0,78,0,0,0,273,3,586,1,0,0,0,191,1,0,66,2,0,0,0,21,0,21,1,0,52,3,0,0,0,0,128,0,0,7,1,0,0,0,52,862,128,4661,130,1,284,4301,0.0,0.0,0.1352,4300.0,52.0,0,1,1,0,0,0,0,3880,-1,1082,-1,773,-1,-1,356,708,75647,1,1,0,1,0,0,0,0,0,0,0,0,200,0
com.ally.allyhome,benign,2026-03-01 04:09:42,0,0,0,0,0,0,0,0,0,0,0,0,0,0,0,0,0,0,0,0,0,0,0,0,0,0,0,0,0,0,0,0,0,0,0,0,0,0,0,0,0,0,0,0,0,0,0,0,0,0,0,0,0,0,0,0,0,0,0.0,0.0,0.0,0.0,0.0,0,0,0,0,0,0,0,-1,-1,-1,-1,-1,-1,-1,-1,0,1268,0,0,0,0,0,0,0,0,0,0,0,0,0,0
com.wnapp.id1735237444078,benign,2026-03-01 04:11:40,4033,0,0,43,6,0,0,0,0,0,0,0,0,0,0,0,0,0,0,0,0,0,0,5,0,0,1,0,0,0,0,1,0,2,0,0,0,0,0,0,0,0,8,0,0,1,0,0,0,0,0,0,8,4076,0,0,6,4033,0.0,0.0,0.0,4033.0,0.0,0,0,0,0,0,0,0,-1,-1,-1,-1,636,-1,-1,541,316,75807,0,0,0,1,0,0,0,0,0,0,0,0,200,0
aBsCalendar.Package,benign,2026-03-01 04:29:34,478,1,0,36,16,0,0,0,0,0,0,0,24,0,0,0,1,0,1,3,0,0,0,21,0,0,10,4,0,0,0,2,0,5,0,0,2,0,0,0,0,0,25,0,0,1,2,0,15,0,2,2,25,515,26,2,20,479,0.0,0.0,0.0031,478.0,2.0,0,1,1,0,0,0,0,66109,-1,15966,-1,417,-1,-1,763,190,75713,0,0,0,1,0,0,0,1,0,0,0,0,200,0
io.softry.pollforall,benign,2026-03-01 04:33:24,1,0,0,0,0,0,0,0,0,0,0,0,0,0,0,0,0,1,0,0,0,0,0,0,0,0,0,0,0,0,0,1,0,1,0,0,1,0,0,0,0,0,0,0,0,0,0,0,0,0,1,1,0,1,1,0,0,1,0.0,0.0,0.2,1.0,1.0,0,0,1,0,0,0,0,666,-1,-1,-1,662,-1,-1,-1,5,1415,1,0,0,0,0,0,0,0,0,0,0,0,2,0
app.donkeymobile.pgutrechtkerkwest,benign,2026-03-01 04:37:09,0,0,0,6,7,0,0,0,0,0,0,0,0,0,0,0,0,1,0,0,0,0,0,2,0,0,1,0,0,0,0,0,0,5,0,0,4,0,0,0,0,0,0,0,0,0,0,0,0,0,4,1,0,6,4,0,7,0,0.0,0.0,0.0385,0.0,4.0,0,0,0,0,0,0,0,18244,-1,-1,-1,-1,-1,-1,5359,13,75973,0,0,0,0,0,0,0,0,0,0,0,0,10,0
com.techpassion.trenchfamily,benign,2026-03-01 04:39:15,239,0,0,44,16,0,0,0,0,0,0,0,24,0,0,0,0,2,1,2,0,0,0,9,0,0,1,2,0,0,0,0,0,2,0,0,5,0,0,0,0,0,15,0,0,0,2,0,0,0,5,3,15,283,29,2,18,239,0.0,0.0,0.0082,239.0,5.0,0,1,1,0,0,0,0,3121,-1,-1,-1,2619,-1,-1,2582,118,75999,1,0,0,1,0,0,0,0,0,0,0,0,200,0
com.postregister.android,benign,2026-03-01 04:41:22,20,0,0,12,9,0,0,0,0,0,0,0,4,0,0,0,0,0,0,0,0,0,2,3,0,0,1,1,0,0,0,5,0,4,0,0,6,0,0,0,0,0,0,0,0,1,0,0,13,0,6,0,0,34,10,0,10,22,0.0,0.0,0.0,20.0,6.0,0,1,0,0,0,0,0,2065,-1,-1,-1,712,-1,-1,988,53,76579,1,0,0,1,0,0,0,0,0,0,0,0,41,0
quiz.mcqslearn.bscscomputerfundamentals,benign,2026-03-01 04:44:04,0,0,0,0,0,0,0,0,0,0,0,0,0,0,0,0,0,0,0,0,0,0,0,0,0,0,0,0,0,0,0,0,0,0,0,0,0,0,0,0,0,0,0,0,0,0,0,0,0,0,0,0,0,0,0,0,0,0,0.0,0.0,0.0,0.0,0.0,0,0,0,0,0,0,0,-1,-1,-1,-1,-1,-1,-1,-1,0,1577,0,0,0,0,0,0,0,0,0,0,0,0,0,0
com.zinspector3,benign,2026-03-01 04:46:47,1,0,0,3,0,0,0,0,0,0,0,0,0,0,0,0,0,0,23,0,0,0,0,2,0,0,0,0,0,1,1,0,0,0,0,0,1,0,0,0,0,0,2,0,0,0,0,0,0,0,1,23,2,4,2,0,0,1,0.0,1.0,0.6765,1.0,1.0,0,0,1,0,0,0,0,800,-1,-1,1085,748,-1,-1,574,34,1705,1,0,0,1,0,0,0,0,0,0,0,0,6,0
com.mycompanyfiles.nordbackoffice.android,benign,2026-03-01 04:50:07,0,0,0,0,0,0,0,0,0,0,0,0,0,0,0,0,0,0,0,0,0,0,0,0,0,0,0,0,0,0,0,0,0,0,0,0,0,0,0,0,0,0,0,0,0,0,0,0,0,0,0,0,0,0,0,0,0,0,0.0,0.0,0.0,0.0,0.0,0,0,0,0,0,0,0,-1,-1,-1,-1,-1,-1,-1,-1,0,1597,0,0,0,0,0,0,0,0,0,0,0,0,0,0
com.finallevel.radiobox,benign,2026-03-01 04:52:04,0,0,0,0,0,0,0,0,0,0,0,0,0,0,0,0,0,0,0,0,0,0,0,0,0,0,0,0,0,0,0,0,0,0,0,0,0,0,0,0,0,0,0,0,0,0,0,0,0,0,0,0,0,0,0,0,0,0,0.0,0.0,0.0,0.0,0.0,0,0,0,0,0,0,0,-1,-1,-1,-1,-1,-1,-1,-1,0,2149,0,0,0,0,0,0,0,0,0,0,0,0,0,0
com.search.img.content.audio.reverse.video,benign,2026-03-01 04:56:05,165,1,0,51,54,0,0,0,0,0,0,0,14,0,0,0,1,2,1,1,0,0,0,19,1,0,3,0,0,0,0,2,0,33,0,0,22,0,0,0,0,0,15,0,0,2,1,0,0,0,22,4,15,217,36,1,54,166,0.0,0.0,0.0103,165.0,22.0,0,1,1,0,0,0,0,18141,-1,22330,-1,723,-1,-1,1082,198,76449,0,0,0,1,0,0,0,1,0,0,0,0,200,0
com.EnterGameStudio.CashBank,benign,2026-03-01 04:58:13,0,0,0,0,0,0,0,0,0,0,0,0,0,0,0,0,0,0,0,0,0,0,0,0,0,0,0,0,0,0,0,0,0,0,0,0,0,0,0,0,0,0,0,0,0,0,0,0,0,0,0,0,0,0,0,0,0,0,0.0,0.0,0.0,0.0,0.0,0,0,0,0,0,0,0,-1,-1,-1,-1,-1,-1,-1,-1,0,76327,0,0,0,0,0,0,0,0,0,0,0,0,0,0
app.mlauncher,benign,2026-03-01 05:00:19,0,0,0,5,4,0,0,0,0,0,0,0,0,0,0,0,0,0,0,0,0,0,0,1,0,0,0,0,0,0,0,0,0,1,0,0,0,0,0,0,0,0,0,0,0,0,0,0,0,0,0,0,0,5,0,0,4,0,0.0,0.0,0.0,0.0,0.0,0,0,0,0,0,0,0,-1,-1,-1,-1,-1,-1,-1,3781,11,75680,0,0,0,0,0,0,0,0,0,0,0,0,5,0
engg.hub.soilmechanics,benign,2026-03-01 05:04:06,937,0,0,42,24,0,0,0,0,0,0,0,32,0,0,0,8,4,0,4,0,0,0,17,1,0,1,1,0,0,0,19,0,7,0,0,9,0,0,0,0,0,11,0,3,1,3,0,0,0,9,12,14,979,41,6,25,937,0.0,0.0,0.0107,937.0,9.0,0,1,1,1,0,0,0,22928,-1,47679,-1,765,-1,-1,9717,266,75905,0,0,0,1,0,0,0,0,0,0,0,0,200,0
com.systweak.ssr,benign,2026-03-01 05:07:03,7,0,0,3,2,0,0,0,0,0,0,0,0,0,0,0,0,0,0,0,0,0,0,3,1,0,0,0,0,0,0,0,0,1,0,0,0,0,0,0,0,0,0,0,0,0,0,0,0,0,0,0,0,10,0,0,2,7,0.0,0.0,0.0,7.0,0.0,0,0,0,0,0,0,0,-1,-1,-1,-1,8174,-1,-1,5242,16,75576,0,0,0,0,0,0,0,0,0,0,0,0,10,0
com.rachittechnology.ChildrenAct2004,benign,2026-03-01 05:11:04,69,0,0,11,14,0,0,0,676,0,676,0,46,0,0,0,0,0,0,0,0,0,0,7,1,0,0,0,0,0,0,3,2,13,0,0,7,0,0,0,0,0,0,0,0,0,2,0,0,0,7,0,0,80,729,2,14,69,96.5714,0.0,0.0,69.0,7.0,1,1,0,0,0,0,0,7986,1264,-1,-1,1052,-1,-1,1711,814,77020,0,0,1,1,0,0,0,0,0,0,0,0,200,0
com.velocitywebworks.parade.hbags,benign,2026-03-01 05:13:55,3,0,0,6,4,0,0,0,0,0,0,0,0,0,0,0,0,1,0,1,0,0,0,1,0,0,0,0,0,0,0,0,0,1,0,0,3,0,0,0,0,0,2,0,0,0,0,0,0,0,3,1,2,9,3,0,4,3,0.0,0.0,0.0455,3.0,3.0,0,0,1,0,0,0,0,15872,-1,-1,-1,4118,-1,-1,4159,14,76098,0,0,0,0,0,0,0,0,0,0,0,0,12,0
com.bart.schaatstijden,benign,2026-03-01 05:15:48,0,0,0,0,0,0,0,0,0,0,0,0,0,0,0,0,0,0,0,0,0,0,0,0,0,0,0,0,0,0,0,0,0,0,0,0,0,0,0,0,0,0,0,0,0,0,0,0,0,0,0,0,0,0,0,0,0,0,0.0,0.0,0.0,0.0,0.0,0,0,0,0,0,0,0,-1,-1,-1,-1,-1,-1,-1,-1,0,1684,0,0,0,0,0,0,0,0,0,0,0,0,0,0
com.plainscommerce.biz,benign,2026-03-01 05:18:12,53,0,0,37,8,0,0,0,0,0,0,0,0,0,0,0,12,0,0,0,0,0,0,14,0,2,2,0,0,0,0,3,0,3,0,0,1,0,0,0,0,0,0,0,0,0,0,0,0,0,1,12,0,90,1,0,8,53,0.0,0.0,0.0889,53.0,1.0,0,0,1,0,0,0,0,18035,-1,21108,-1,9788,-1,-1,9641,110,75746,0,0,0,1,0,0,0,0,0,0,0,0,103,0
tech.wearin.mobile.demo_app.production,benign,2026-03-01 05:22:13,21,0,0,9,17,0,0,0,0,0,0,0,2,0,0,0,0,2,1,1,0,0,0,1,0,0,0,0,0,0,0,1,0,22,0,0,14,0,56,0,0,0,0,0,0,0,0,0,0,0,70,3,0,30,72,0,17,21,0.0,0.0,0.0204,21.0,70.0,0,1,1,0,0,0,0,8881,-1,-1,-1,9095,-1,-1,8807,61,75946,0,0,0,1,0,0,0,0,0,0,0,0,100,0
pes.pesu,benign,2026-03-01 05:23:11,0,0,0,0,0,0,0,0,0,0,0,0,2,0,0,0,0,0,0,0,0,0,0,0,0,0,0,0,0,0,0,0,0,1,0,0,0,0,0,0,0,0,0,0,0,0,0,0,0,0,0,0,0,0,2,0,0,0,0.0,0.0,0.0,0.0,0.0,0,0,0,0,0,0,0,-1,-1,-1,-1,-1,-1,-1,-1,3,1538,0,0,0,0,0,0,0,0,0,0,0,0,0,0
com.apilayer.invoicely.android,benign,2026-03-01 05:25:18,26,0,0,14,15,0,0,0,0,0,0,0,0,0,0,0,0,1,0,0,0,0,0,2,1,0,0,0,0,0,0,1,0,42,0,0,11,6,0,0,0,0,0,0,0,0,0,0,0,0,11,1,0,40,11,0,15,26,0.0,0.0,0.0084,26.0,11.0,0,0,1,0,0,0,0,9718,-1,-1,-1,402,-1,-1,586,69,75852,0,0,0,1,0,0,0,0,0,0,0,0,51,0
de.syfit.bissid,benign,2026-03-01 05:27:44,75,0,0,13,4,0,0,0,0,0,0,0,0,0,0,0,0,0,0,1,0,0,0,1,0,0,0,0,0,0,0,0,0,1,1,0,3,0,0,0,0,0,4,0,0,0,0,0,0,0,3,0,4,88,3,0,4,75,0.0,0.0,0.0,75.0,3.0,0,0,0,0,0,0,0,13429,-1,-1,-1,11371,-1,-1,11542,68,27280,0,0,0,1,0,0,0,0,0,0,0,0,91,0
se.arlandaexpress.atrain,benign,2026-03-01 05:29:55,154,0,0,21,29,0,0,0,0,0,0,0,38,0,0,0,0,1,0,0,0,0,0,3,0,0,0,0,0,0,0,2,2,35,0,0,38,0,0,0,0,0,0,0,0,4,0,0,0,0,38,1,0,175,76,0,29,154,0.0,0.0,0.0031,154.0,38.0,0,1,1,0,0,0,0,1870,-1,-1,-1,779,-1,-1,5928,182,75627,1,0,0,1,0,0,0,0,0,0,0,0,200,0
de.juh.barmer.kindernotfall,benign,2026-03-01 05:32:02,0,0,0,5,4,0,0,0,0,0,0,0,0,0,0,0,0,0,0,0,0,0,0,1,0,0,0,0,0,0,0,0,0,1,0,0,0,0,0,0,0,0,0,0,0,0,0,0,0,0,0,0,0,5,0,0,4,0,0.0,0.0,0.0,0.0,0.0,0,0,0,0,0,0,0,-1,-1,-1,-1,-1,-1,-1,16834,11,76533,0,0,0,0,0,0,0,0,0,0,0,0,5,0
com.syngenta.imagery,benign,2026-03-01 05:33:10,0,0,0,0,0,0,0,0,0,0,0,0,0,0,17,0,0,0,0,0,0,0,0,0,0,0,0,0,0,0,0,0,0,0,0,0,0,0,0,0,0,0,0,0,0,0,0,0,0,0,0,17,0,0,0,0,0,0,0.0,0.0,1.0,0.0,0.0,0,0,0,0,0,0,0,-1,-1,3213,-1,-1,-1,-1,-1,10,11539,0,1,0,0,0,0,0,0,0,0,0,0,17,0
com.bigstar.puding.partner,benign,2026-03-01 05:36:05,56,0,0,29,7,0,0,0,0,0,0,0,0,0,0,0,0,1,0,0,0,0,0,2,0,0,1,0,0,0,0,1,0,8,0,0,4,0,0,0,0,0,10,0,0,1,0,0,0,0,4,1,10,85,4,0,7,56,0.0,0.0,0.0083,56.0,4.0,0,0,1,0,0,0,0,16533,-1,-1,-1,739,-1,-1,574,50,75818,0,0,0,1,0,0,0,0,0,0,0,0,89,0
com.websarva.wings.android.frigana,benign,2026-03-01 05:38:15,0,0,0,6,4,0,0,0,0,0,0,0,0,0,0,0,0,0,0,0,0,0,0,1,0,0,0,0,0,0,0,0,0,1,0,0,0,0,0,0,0,0,0,0,0,0,0,0,0,0,0,0,0,6,0,0,4,0,0.0,0.0,0.0,0.0,0.0,0,0,0,0,0,0,0,-1,-1,-1,-1,-1,-1,-1,11374,12,76020,0,0,0,0,0,0,0,0,0,0,0,0,6,0
com.huaglad.app.b5news,benign,2026-03-01 05:40:26,20,0,0,35,20,0,0,0,0,0,0,0,8,0,0,0,0,1,0,1,0,0,0,5,0,0,5,1,0,0,0,4,0,8,0,0,0,0,0,0,0,0,17,0,0,0,0,0,0,0,0,1,17,55,8,0,21,20,0.0,0.0,0.008,20.0,0.0,0,0,1,0,0,0,0,-1,-1,-1,-1,979,-1,-1,1039,67,75897,0,0,0,1,0,0,0,0,0,0,0,0,56,0
com.vecv.app.export,benign,2026-03-01 05:42:42,3,0,0,2,1,0,0,0,0,0,0,0,0,0,0,0,0,0,0,0,0,0,0,1,0,0,0,0,0,0,0,0,0,24,0,0,0,0,0,0,0,0,0,0,0,0,0,0,0,0,0,0,0,5,0,0,1,3,0.0,0.0,0.0,3.0,0.0,0,0,0,0,0,0,0,-1,-1,-1,-1,15549,-1,-1,15679,30,17233,0,0,0,1,0,0,0,0,0,0,0,0,5,0
de.whsoft.bibliofy,benign,2026-03-01 05:46:18,46,0,0,6,4,0,0,0,0,0,0,0,0,0,0,0,0,2,0,0,0,0,0,1,0,0,0,0,0,0,0,1,0,2,0,0,0,0,0,0,0,0,0,0,0,0,0,0,0,0,0,2,0,52,0,0,4,46,0.0,0.0,0.0323,46.0,0.0,0,0,1,0,0,0,0,-1,-1,-1,-1,10800,-1,-1,15915,25,75850,0,0,0,1,0,0,0,0,0,0,0,0,52,0
com.timhappy.tastecycle,benign,2026-03-01 05:50:46,0,0,0,0,0,0,0,0,0,0,0,0,0,0,0,0,0,0,0,0,0,0,0,0,0,0,0,0,0,0,0,0,0,0,0,0,0,0,0,0,0,0,0,0,0,0,0,0,0,0,0,0,0,0,0,0,0,0,0.0,0.0,0.0,0.0,0.0,0,0,0,0,0,0,0,-1,-1,-1,-1,-1,-1,-1,-1,0,75406,0,0,0,0,0,0,0,0,0,0,0,0,0,0
com.baseball.game,benign,2026-03-01 05:54:06,263,0,0,21,30,0,0,0,0,0,0,0,0,0,0,0,0,2,0,0,0,0,0,3,0,0,1,0,0,0,0,1,0,27,0,0,27,0,0,0,0,0,0,0,0,0,2,0,0,0,27,2,0,284,27,2,30,263,0.0,0.0,0.0053,263.0,27.0,0,0,1,0,0,0,0,6012,-1,-1,-1,3045,-1,-1,3075,207,77339,0,0,0,1,0,0,0,0,0,0,0,0,200,0
com.bankjoyapp.lookout,benign,2026-03-01 05:55:09,8,0,0,0,1,0,0,0,0,0,0,0,6,0,2,0,4,0,0,0,0,0,0,0,0,0,0,0,0,0,0,0,0,7,0,0,0,0,0,0,0,0,0,0,0,0,0,0,0,0,0,6,0,8,6,0,1,8,0.0,0.0,0.2143,8.0,0.0,0,0,1,0,0,0,0,-1,-1,812,-1,525,-1,-1,-1,28,1626,0,1,0,1,0,0,1,0,0,0,0,0,14,0
com.ssoft.soccerstarpush,benign,2026-03-01 05:57:58,10,0,0,3,3,0,0,0,0,0,0,0,0,0,0,0,0,0,0,0,0,0,0,2,1,0,0,0,0,0,0,0,0,2,0,0,0,0,0,0,0,0,0,0,0,0,0,0,0,0,0,0,0,13,0,0,3,10,0.0,0.0,0.0,10.0,0.0,0,0,0,0,0,0,0,-1,-1,-1,-1,1456,-1,-1,1496,14,7477,0,0,0,0,0,0,0,0,0,0,0,0,13,0
jp.dip.mukacho.picasadaydream,benign,2026-03-01 06:02:38,5,0,0,0,0,0,0,0,0,0,0,0,2,0,0,0,0,1,25,0,0,0,0,1,0,0,0,0,0,0,0,0,0,0,0,0,0,0,0,0,0,0,1,0,0,0,2,0,0,0,0,26,1,5,2,2,0,5,0.0,0.0,0.7027,5.0,0.0,0,0,1,0,0,0,0,-1,-1,-1,-1,4934,-1,-1,-1,32,11716,0,0,0,1,0,0,0,0,0,0,0,0,5,0
free_translator.plro,benign,2026-03-01 06:04:55,1152,0,0,38,20,0,0,0,0,0,0,0,36,0,0,0,0,2,1,3,0,0,0,15,0,0,4,2,0,0,0,3,0,7,0,0,6,0,0,0,0,0,32,0,0,0,3,0,0,0,6,3,32,1190,42,3,22,1152,0.0,0.0,0.0023,1152.0,6.0,0,1,1,0,0,0,0,18574,-1,-1,-1,7605,-1,-1,7741,256,75849,0,0,0,1,0,0,0,0,0,0,0,0,200,0
com.ort.ortmobile,benign,2026-03-01 06:07:48,0,0,0,0,0,0,0,0,0,0,0,0,0,0,0,0,0,0,0,0,0,0,0,0,0,0,0,0,0,0,0,0,0,0,0,0,0,0,0,0,0,0,0,0,0,0,0,0,0,0,0,0,0,0,0,0,0,0,0.0,0.0,0.0,0.0,0.0,0,0,0,0,0,0,0,-1,-1,-1,-1,-1,-1,-1,-1,0,1456,0,0,0,0,0,0,0,0,0,0,0,0,0,0
com.skiif.app,benign,2026-03-01 06:14:01,0,0,0,0,0,0,0,0,0,0,0,0,0,0,0,0,0,1,0,0,0,0,0,0,0,0,0,0,0,0,0,0,0,0,0,0,0,0,0,0,0,0,0,0,0,0,0,0,0,0,0,1,0,0,0,0,0,0,0.0,0.0,1.0,0.0,0.0,0,0,0,0,0,0,0,-1,-1,-1,-1,-1,-1,-1,-1,1,1267,0,0,0,0,0,0,0,0,0,0,0,0,0,0
free_translator.bges,benign,2026-03-01 06:17:10,61,0,0,38,29,0,0,0,0,0,0,0,10,0,0,0,0,3,1,1,0,0,0,10,0,0,6,2,0,0,0,7,0,10,0,0,1,0,0,0,0,0,21,0,0,0,1,0,0,0,1,4,21,99,11,1,31,61,0.0,0.0,0.0199,61.0,1.0,0,1,1,0,0,0,0,22250,-1,-1,-1,17367,-1,-1,17486,91,77085,0,0,0,1,0,0,0,0,0,0,0,0,102,0
com.ediningexpress.shadisrestaurant,benign,2026-03-01 06:27:45,25,0,0,4,2,0,0,0,0,0,0,0,0,0,0,0,0,0,0,2,0,0,0,1,0,0,0,0,0,0,0,0,0,0,0,0,0,0,0,0,0,0,2,0,0,0,0,0,0,0,0,0,2,29,0,0,2,25,0.0,0.0,0.0,25.0,0.0,0,0,0,0,0,0,0,-1,-1,-1,-1,12702,-1,-1,7709,25,76295,0,0,0,1,0,0,0,0,0,0,0,0,29,0
com.domobile.aut.apink,benign,2026-03-01 06:36:02,0,0,0,6,4,0,0,0,0,0,0,0,0,0,0,0,0,0,0,0,0,0,0,1,0,0,0,0,0,0,0,0,0,1,0,0,0,0,0,0,0,0,0,0,0,0,0,0,0,0,0,0,0,6,0,0,4,0,0.0,0.0,0.0,0.0,0.0,0,0,0,0,0,0,0,-1,-1,-1,-1,-1,-1,-1,9281,12,76066,0,0,0,0,0,0,0,0,0,0,0,0,6,0
com.phonegap.mijnserie,benign,2026-03-01 06:38:12,71,0,0,23,14,0,0,0,0,0,0,0,2,0,0,0,0,1,0,0,0,0,0,3,0,0,2,0,0,0,0,2,0,8,0,0,7,0,0,0,0,0,6,0,0,0,0,0,0,0,7,1,6,94,9,0,14,71,0.0,0.0,0.0072,71.0,7.0,0,1,1,0,0,0,0,7572,-1,-1,-1,619,-1,-1,832,45,76076,0,0,0,1,0,0,0,0,0,0,0,0,101,0
ru.foodsoul.c7835,benign,2026-03-01 06:41:16,48,0,0,30,37,0,0,0,0,0,0,0,14,0,0,0,0,0,0,3,0,0,0,35,0,0,31,0,0,0,0,4,1,26,0,0,17,1,0,0,0,0,3,0,0,2,3,0,0,0,17,0,3,78,31,3,37,48,0.0,0.0,0.0,48.0,17.0,0,1,0,0,0,0,0,17589,-1,-1,-1,737,-1,-1,7870,93,75912,0,0,0,1,0,0,0,0,0,0,0,0,95,0
com.m672721a8a8f.www,benign,2026-03-01 06:53:29,1,0,0,6,0,0,0,0,0,0,0,0,0,0,0,0,0,1,0,0,0,0,0,1,0,0,0,0,0,0,0,0,0,0,0,0,0,0,0,0,0,0,0,0,0,0,0,0,0,0,0,1,0,7,0,0,0,1,0.0,0.0,0.1111,1.0,0.0,0,0,1,0,0,0,0,-1,-1,-1,-1,3581,-1,-1,3662,9,7333,0,0,0,0,0,0,0,0,0,0,0,0,7,0
co.stellis.piastgliwice,benign,2026-03-01 06:54:31,2,0,0,2,2,0,0,0,0,0,0,0,0,0,1,0,0,0,0,0,0,0,0,0,0,0,0,0,0,0,0,0,0,0,0,0,0,0,0,0,0,0,0,0,0,0,0,0,0,0,0,1,0,4,0,0,2,2,0.0,0.0,0.1429,2.0,0.0,0,0,1,0,0,0,0,-1,-1,1461,-1,983,-1,-1,1414,7,2312,0,1,0,0,0,0,0,0,0,0,0,0,5,0
com.measurement.tools,benign,2026-03-01 19:04:32,21,0,0,18,11,0,0,0,0,0,0,0,0,0,0,0,0,1,0,1,0,0,0,2,0,0,3,0,0,0,0,1,0,8,0,0,1,0,0,0,0,0,6,0,0,0,0,0,0,0,1,1,6,39,1,0,11,21,0.0,0.0,0.0137,21.0,1.0,0,0,1,0,0,0,0,2719,-1,-1,-1,290,-1,-1,497,70,75575,1,0,0,1,0,0,0,0,0,0,0,0,40,0
r.stereobendicion,benign,2026-03-01 19:07:42,157,0,0,25,19,0,0,0,0,0,0,0,1,0,0,0,0,1,0,1,0,0,0,19,1,2,4,1,0,0,0,218,11,21,0,0,8,1,0,0,0,0,1,0,0,11,0,0,0,0,8,1,1,182,9,0,20,157,0.0,0.0,0.002,157.0,8.0,0,1,1,0,0,0,0,892,-1,-1,-1,330,-1,-1,340,452,75518,1,0,0,1,0,0,0,0,0,0,0,0,191,0
com.moimob.drinkable,benign,2026-03-01 19:12:22,265,0,0,2,2,0,0,0,0,0,0,0,0,0,0,0,0,0,0,0,0,0,0,0,0,0,0,0,0,0,0,2,0,2,0,0,0,0,0,0,0,0,0,0,0,0,0,0,0,0,0,0,0,267,0,0,2,265,0.0,0.0,0.0,265.0,0.0,0,0,0,0,0,0,0,-1,-1,-1,-1,311,-1,-1,4238,134,75496,0,0,0,1,0,0,0,0,0,0,0,0,200,0
il.org.osm.israelhiking,benign,2026-03-01 19:13:43,40,0,0,12,2,0,0,0,0,0,0,0,0,0,0,0,0,0,0,1,0,0,0,1,0,0,0,0,0,0,0,0,0,1,1,0,3,0,0,0,0,0,6,0,0,0,0,0,0,0,3,0,6,52,3,0,2,40,0.0,0.0,0.0,40.0,3.0,0,0,0,0,0,0,0,663,-1,-1,-1,576,-1,-1,265,67,1397,1,0,0,1,0,0,0,0,0,0,0,0,55,0
com.mapbit.cashteller,benign,2026-03-01 19:20:18,40,0,0,4,0,0,0,0,0,0,0,0,0,0,0,0,0,1,0,2,0,0,0,0,0,0,0,0,0,0,0,0,0,0,0,0,0,0,0,0,0,0,0,0,0,0,0,0,0,0,0,1,0,44,0,0,0,40,0.0,0.0,0.0213,40.0,0.0,0,0,1,0,0,0,0,-1,-1,-1,-1,2768,-1,-1,976,40,75545,0,0,0,1,0,0,0,0,0,0,0,0,44,0
com.karvydistributor,benign,2026-03-01 19:21:43,0,0,0,0,0,0,0,0,0,0,0,0,0,0,0,0,0,0,0,0,0,0,0,1,0,0,0,0,0,0,0,0,0,0,0,0,0,0,0,0,0,0,0,0,0,0,0,0,0,0,0,0,0,0,0,0,0,0,0.0,0.0,0.0,0.0,0.0,0,0,0,0,0,0,0,-1,-1,-1,-1,-1,-1,-1,-1,1,1296,0,0,0,0,0,0,0,0,0,0,0,0,0,0
com.enjoyingfoss.om,benign,2026-03-01 19:34:19,16,0,0,1,0,0,0,0,0,0,0,0,0,0,0,0,0,0,0,0,0,0,0,6,1,0,1,0,0,0,0,0,0,0,0,0,0,0,0,0,0,0,0,0,0,0,0,0,0,0,0,0,0,17,0,0,0,16,0.0,0.0,0.0,16.0,0.0,0,0,0,0,0,0,0,-1,-1,-1,-1,38305,-1,-1,34403,20,75312,0,0,0,1,0,0,0,0,0,0,0,0,17,0
com.okcupid.okcupid,benign,2026-03-01 19:35:06,33,0,0,10,0,0,0,0,0,0,0,0,0,0,0,4,0,1,0,0,0,0,0,0,0,0,0,0,0,0,0,1,0,1,0,0,0,0,0,0,0,0,0,0,0,1,0,0,0,0,0,5,0,43,0,0,0,33,0.0,0.0,0.098,33.0,0.0,0,0,1,0,0,0,0,-1,-1,-1,-1,188,-1,-1,648,51,1303,0,0,0,1,0,0,0,0,0,0,0,0,43,0
com.eventyay.organizer,benign,2026-03-01 19:37:01,0,0,0,0,0,0,0,0,0,0,0,0,0,0,0,0,0,0,0,0,0,0,0,0,0,0,0,0,0,0,0,0,0,0,0,0,0,0,0,0,0,0,0,0,0,0,0,0,0,0,0,0,0,0,0,0,0,0,0.0,0.0,0.0,0.0,0.0,0,0,0,0,0,0,0,-1,-1,-1,-1,-1,-1,-1,-1,0,75299,0,0,0,0,0,0,0,0,0,0,0,0,0,0
com.example.ismael.downloadfilesweb,benign,2026-03-01 19:38:55,0,0,0,0,0,0,0,0,0,0,0,0,0,0,0,0,0,0,0,0,0,0,0,0,0,0,0,0,0,0,0,0,0,0,0,0,0,0,0,0,0,0,0,0,0,0,0,0,0,0,0,0,0,0,0,0,0,0,0.0,0.0,0.0,0.0,0.0,0,0,0,0,0,0,0,-1,-1,-1,-1,-1,-1,-1,-1,0,75615,0,0,0,0,0,0,0,0,0,0,0,0,0,0
com.citymapper.app.release,benign,2026-03-01 19:40:15,514,0,0,7,28,0,0,0,0,0,0,0,0,0,1,0,2,1,0,1,0,0,0,241,1,1,0,0,0,0,0,13,0,133,2,0,5,0,0,0,0,0,2,0,0,1,0,0,0,0,5,4,2,521,5,0,28,514,0.0,0.0,0.0042,514.0,5.0,0,0,1,0,0,0,0,858,-1,833,-1,631,-1,-1,740,596,36440,1,1,0,1,0,0,1,0,0,0,0,0,200,0
com.flxrs.dankchat,benign,2026-03-01 19:42:08,18,0,0,0,0,0,0,0,0,0,0,0,0,0,0,0,0,1,0,0,0,0,0,0,0,0,0,0,0,0,0,0,0,0,0,0,0,0,0,0,0,0,0,0,0,0,0,0,0,0,0,1,0,18,0,0,0,18,0.0,0.0,0.0526,18.0,0.0,0,0,1,0,0,0,0,-1,-1,-1,-1,495,-1,-1,-1,19,75324,0,0,0,0,0,0,0,0,0,0,0,0,18,0
com.ghstudios.android.mhgendatabase,benign,2026-03-01 19:45:02,0,0,0,0,0,0,0,0,0,0,0,0,0,0,0,0,0,0,0,0,0,0,0,0,0,0,0,0,0,0,0,0,0,0,0,0,0,0,0,0,0,0,0,0,0,0,0,0,0,0,0,0,0,0,0,0,0,0,0.0,0.0,0.0,0.0,0.0,0,0,0,0,0,0,0,-1,-1,-1,-1,-1,-1,-1,-1,0,75322,0,0,0,0,0,0,0,0,0,0,0,0,0,0
com.scribd.app.reader0,benign,2026-03-01 19:48:53,27,0,0,6,4,0,0,0,0,0,0,0,12,0,0,0,0,0,0,0,0,0,0,1,0,0,0,0,0,0,0,8,0,10,0,0,2,0,1,0,0,0,0,0,0,0,0,0,0,0,3,0,0,33,15,0,4,27,0.0,0.0,0.0,27.0,3.0,0,1,0,0,0,0,0,3542,-1,-1,-1,3694,-1,-1,3680,55,75378,1,0,0,1,0,0,0,0,0,0,0,0,36,0
org.wikipedia,benign,2026-03-01 19:50:48,892,0,0,2,0,0,0,0,0,0,0,0,0,0,0,0,0,1,80,0,0,0,1,5,0,0,0,0,0,0,0,5,0,16,0,0,0,0,0,0,0,0,2,0,0,4,0,0,0,0,0,81,2,895,0,0,0,893,0.0,0.0,0.0804,892.0,0.0,0,0,1,0,0,0,0,-1,-1,-1,-1,245,-1,-1,931,910,75396,0,0,0,1,0,0,0,0,0,0,0,0,200,0
axp.tool.apkextractor,benign,2026-03-01 19:54:01,0,0,0,1,0,0,0,0,0,0,0,0,0,0,0,0,0,1,0,0,0,0,0,2,0,0,0,0,0,0,0,0,0,0,0,0,0,0,0,0,0,0,0,0,0,6,0,0,0,0,0,1,0,1,0,0,0,0,0.0,0.0,0.1,0.0,0.0,0,0,0,0,0,0,0,-1,-1,-1,-1,-1,-1,-1,828,10,75369,0,0,0,0,0,0,0,0,0,0,0,0,1,0
com.iven.iconify,benign,2026-03-01 19:57:45,0,0,0,0,0,0,0,0,0,0,0,0,0,0,0,0,0,2,0,0,0,0,0,0,0,0,0,0,0,0,0,0,0,0,0,0,0,0,0,0,0,0,0,0,0,0,0,0,0,0,0,2,0,0,0,0,0,0,0.0,0.0,1.0,0.0,0.0,0,0,0,0,0,0,0,-1,-1,-1,-1,-1,-1,-1,-1,1,75725,0,0,0,0,0,0,0,0,0,0,0,0,0,0
com.jarsilio.android.scrambledeggsif,benign,2026-03-01 19:59:57,0,0,0,0,0,0,0,0,0,0,0,0,0,0,0,0,0,0,0,0,0,0,0,0,0,0,0,0,0,0,0,0,0,0,0,0,0,0,0,0,0,0,0,0,0,0,0,0,0,0,0,0,0,0,0,0,0,0,0.0,0.0,0.0,0.0,0.0,0,0,0,0,0,0,0,-1,-1,-1,-1,-1,-1,-1,-1,0,75529,0,0,0,0,0,0,0,0,0,0,0,0,0,0
com.yum.pizzahut,benign,2026-03-01 20:02:37,36,0,0,2,38,0,0,0,0,0,0,0,76,0,1,0,2,0,0,0,0,0,0,32,0,1,2,0,0,0,0,8,1,17,0,0,5,0,0,0,3,0,0,0,0,1,0,0,0,0,5,3,3,38,81,0,38,36,0.0,0.0,0.0133,36.0,5.0,0,1,1,0,0,0,0,638,-1,736,-1,557,-1,-1,1209,114,75748,1,1,0,1,0,0,1,0,0,0,0,0,46,0
com.arun.t9dailer,benign,2026-03-01 20:04:32,0,0,0,0,0,0,0,0,0,0,0,0,0,0,0,0,0,1,0,0,0,0,0,0,0,0,0,0,0,0,0,0,0,0,0,0,0,0,0,0,0,0,0,0,0,0,0,0,0,0,0,1,0,0,0,0,0,0,0.0,0.0,1.0,0.0,0.0,0,0,0,0,0,0,0,-1,-1,-1,-1,-1,-1,-1,-1,1,75432,0,0,0,0,0,0,0,0,0,0,0,0,0,0
com.kabouzeid.gramophone,benign,2026-03-01 20:06:28,11,0,0,0,0,0,0,0,0,0,0,0,0,0,0,0,0,0,0,0,0,0,0,0,0,0,0,0,0,0,0,0,0,0,0,0,0,0,0,0,0,0,0,0,0,0,0,0,0,0,0,0,0,11,0,0,0,11,0.0,0.0,0.0,11.0,0.0,0,0,0,0,0,0,0,-1,-1,-1,-1,287,-1,-1,-1,11,75472,0,0,0,0,0,0,0,0,0,0,0,0,11,0
com.google.android.apps.jacquard,benign,2026-03-01 20:08:25,1155,0,0,3,8,0,0,0,0,0,0,0,8,0,0,0,0,0,0,0,0,0,0,21,2,0,0,0,0,0,0,2,0,7,0,0,0,0,0,0,3,0,0,0,0,0,0,0,0,0,0,0,3,1158,8,0,8,1155,0.0,0.0,0.0,1155.0,0.0,0,0,0,0,0,0,0,-1,-1,-1,-1,343,-1,-1,1063,1177,76419,0,0,0,1,0,0,0,0,0,0,0,0,200,0
com.ttxapps.onesyncv2,benign,2026-03-01 20:11:06,44,1,0,39,13,0,0,0,0,0,0,0,12,1,2,0,9,2,107,2,0,0,0,25,1,0,8,2,0,0,0,3,0,8,0,0,1,0,0,0,0,0,29,0,0,1,2,0,5,0,1,121,29,84,13,2,15,45,0.0,0.0,0.3817,44.0,1.0,0,1,1,0,0,0,0,1224,-1,907,-1,408,-1,-1,248,315,75433,1,1,0,1,0,0,1,1,0,0,0,0,99,0
com.google.android.apps.forscience.whistlepunk,benign,2026-03-01 20:13:00,1,0,0,0,0,0,0,0,0,0,0,0,0,0,0,0,0,1,0,0,0,0,0,0,0,0,0,0,0,0,0,0,0,0,0,0,0,0,0,0,0,0,0,0,0,0,1,0,0,0,0,1,0,1,0,1,0,1,0.0,0.0,0.3333,1.0,0.0,0,0,1,0,0,0,0,-1,-1,-1,-1,8667,-1,-1,-1,2,75441,0,0,0,0,0,0,0,0,0,0,0,0,1,0
com.limelight,benign,2026-03-01 20:14:57,0,0,0,4,0,0,0,0,0,0,0,0,0,0,0,0,0,0,0,2,0,0,0,0,0,0,0,0,0,0,0,0,0,0,0,0,1,0,8,0,0,0,0,0,0,0,0,0,0,0,9,0,0,4,9,0,0,0,0.0,0.0,0.0,0.0,9.0,0,0,0,0,0,0,0,367,-1,-1,-1,-1,-1,-1,404,15,75471,1,0,0,0,0,0,0,0,0,0,0,0,13,0
com.llamacorp.equate,benign,2026-03-01 20:16:51,96,0,0,0,0,0,0,0,0,0,0,0,0,0,0,0,0,1,0,0,0,0,0,0,0,0,0,0,0,0,0,0,0,0,0,0,0,0,0,0,0,0,0,0,0,0,0,0,0,0,0,1,0,96,0,0,0,96,0.0,0.0,0.0103,96.0,0.0,0,0,1,0,0,0,0,-1,-1,-1,-1,242,-1,-1,-1,97,75409,0,0,0,1,0,0,0,0,0,0,0,0,96,0
com.joaomgcd.autotools,benign,2026-03-01 20:18:45,51,0,37,16,5,0,0,0,0,0,0,0,4,0,0,0,0,1,1,0,0,0,0,3,0,0,1,0,0,0,0,7,0,5,0,0,1,0,0,0,0,0,6,1,0,0,0,0,0,0,1,2,6,67,5,1,5,88,0.0,0.0,0.0144,1.3784,1.0,0,1,1,0,0,0,0,457,-1,-1,-1,558,469,-1,400,136,75591,1,0,0,1,1,0,0,0,0,0,0,0,105,0
akk.astro.droid.moonphase,benign,2026-03-01 20:20:56,0,0,0,0,0,0,0,0,0,0,0,0,0,0,0,0,0,0,0,0,0,0,0,0,0,0,0,0,0,0,0,0,0,0,0,0,0,0,0,0,0,0,0,0,0,0,0,0,0,0,0,0,0,0,0,0,0,0,0.0,0.0,0.0,0.0,0.0,0,0,0,0,0,0,0,-1,-1,-1,-1,-1,-1,-1,-1,0,75409,0,0,0,0,0,0,0,0,0,0,0,0,0,0
com.mehmetakiftutuncu.eshotroid,benign,2026-03-01 20:22:53,0,0,0,0,0,0,0,0,0,0,0,0,0,0,0,0,0,0,0,0,0,0,0,0,0,0,0,0,0,0,0,0,0,0,0,0,0,0,0,0,0,0,0,0,0,0,0,0,0,0,0,0,0,0,0,0,0,0,0.0,0.0,0.0,0.0,0.0,0,0,0,0,0,0,0,-1,-1,-1,-1,-1,-1,-1,-1,0,75570,0,0,0,0,0,0,0,0,0,0,0,0,0,0
com.mgaetan89.showsrage,benign,2026-03-01 20:24:06,6,0,0,0,0,0,0,0,0,0,0,0,0,0,0,0,0,0,0,0,0,0,0,0,0,0,0,0,0,0,0,0,0,0,0,0,0,0,0,0,0,0,0,0,0,0,0,0,0,0,0,0,0,6,0,0,0,6,0.0,0.0,0.0,6.0,0.0,0,0,0,0,0,0,0,-1,-1,-1,-1,365,-1,-1,-1,6,31639,0,0,0,0,0,0,0,0,0,0,0,0,6,0
