macro_f1,roc_auc,pr_auc,fpr,fnr,benign_recall,tn,fp,fn,tp,model,strategy,threshold,cv_std
0.5869,0.6638,0.6141,0.5783,0.2217,0.4217,1265.0,1735.0,665.0,2335.0,LogisticRegression,No adaptation (baseline),0.5,
0.6169,0.6638,0.6141,0.483,0.275,0.517,1551.0,1449.0,825.0,2175.0,LogisticRegression,Threshold recalib. (t=0.70),0.7,
0.627,0.6638,0.6141,0.439,0.3037,0.561,1683.0,1317.0,911.0,2089.0,LogisticRegression,Threshold recalib. (t=0.80),0.8,
0.6851,0.7179,0.67,0.3937,0.232,0.6063,1819.0,1181.0,696.0,2304.0,LogisticRegression,Drift-feature excl. (K=10),0.5,
0.6891,0.7165,0.698,0.3203,0.3013,0.6797,2039.0,961.0,904.0,2096.0,LogisticRegression,Drift-feature excl. (K=20),0.5,
0.7062,0.7362,0.6922,0.3343,0.2523,0.6657,1997.0,1003.0,757.0,2243.0,LogisticRegression,Drift-feature excl. (K=30),0.5,
0.7038,0.8524,0.8921,0.4004,0.1853,0.5996,1709.0,1141.0,528.0,2322.0,LogisticRegression,"Few-shot retrain (5%, n=300)",0.5,
0.7239,0.8587,0.8942,0.3589,0.1893,0.6411,1731.0,969.0,511.0,2189.0,LogisticRegression,"Few-shot retrain (10%, n=600)",0.5,
0.8704,,,,,,,,,,LogisticRegression,"Full retrain (upper bound, CV)",0.5,0.0014
0.6446,0.7409,0.6785,0.5743,0.0957,0.4257,1277.0,1723.0,287.0,2713.0,RandomForest,No adaptation (baseline),0.5,
0.7187,0.7409,0.6785,0.3783,0.1787,0.6217,1865.0,1135.0,536.0,2464.0,RandomForest,Threshold recalib. (t=0.70),0.7,
0.6562,0.7409,0.6785,0.2207,0.4573,0.7793,2338.0,662.0,1372.0,1628.0,RandomForest,Threshold recalib. (t=0.80),0.8,
0.6389,0.7344,0.677,0.58,0.1007,0.42,1260.0,1740.0,302.0,2698.0,RandomForest,Drift-feature excl. (K=10),0.5,
0.6229,0.7236,0.6767,0.6067,0.099,0.3933,1180.0,1820.0,297.0,2703.0,RandomForest,Drift-feature excl. (K=20),0.5,
0.6264,0.7572,0.6832,0.6007,0.0997,0.3993,1198.0,1802.0,299.0,2701.0,RandomForest,Drift-feature excl. (K=30),0.5,
0.8171,0.9137,0.9259,0.2491,0.1151,0.7509,2140.0,710.0,328.0,2522.0,RandomForest,"Few-shot retrain (5%, n=300)",0.5,
0.8428,0.9245,0.9378,0.1889,0.1252,0.8111,2190.0,510.0,338.0,2362.0,RandomForest,"Few-shot retrain (10%, n=600)",0.5,
0.9201,,,,,,,,,,RandomForest,"Full retrain (upper bound, CV)",0.5,0.0103
0.6133,0.7356,0.6695,0.6207,0.1003,0.3793,1138.0,1862.0,301.0,2699.0,ExtraTrees,No adaptation (baseline),0.5,
0.717,0.7356,0.6695,0.407,0.1497,0.593,1779.0,1221.0,449.0,2551.0,ExtraTrees,Threshold recalib. (t=0.70),0.7,
0.7198,0.7356,0.6695,0.2737,0.2867,0.7263,2179.0,821.0,860.0,2140.0,ExtraTrees,Threshold recalib. (t=0.80),0.8,
0.6153,0.7142,0.659,0.616,0.1027,0.384,1152.0,1848.0,308.0,2692.0,ExtraTrees,Drift-feature excl. (K=10),0.5,
0.6646,0.7869,0.7404,0.5313,0.1097,0.4687,1406.0,1594.0,329.0,2671.0,ExtraTrees,Drift-feature excl. (K=20),0.5,
0.6292,0.761,0.6829,0.603,0.0897,0.397,1191.0,1809.0,269.0,2731.0,ExtraTrees,Drift-feature excl. (K=30),0.5,
0.8075,0.9117,0.9233,0.2723,0.1102,0.7277,2074.0,776.0,314.0,2536.0,ExtraTrees,"Few-shot retrain (5%, n=300)",0.5,
0.8332,0.9201,0.9342,0.2081,0.1248,0.7919,2138.0,562.0,337.0,2363.0,ExtraTrees,"Few-shot retrain (10%, n=600)",0.5,
0.9125,,,,,,,,,,ExtraTrees,"Full retrain (upper bound, CV)",0.5,0.0054
0.6104,0.8104,0.8109,0.6223,0.1047,0.3777,1133.0,1867.0,314.0,2686.0,MLP,No adaptation (baseline),0.5,
0.6333,0.8104,0.8109,0.565,0.1343,0.435,1305.0,1695.0,403.0,2597.0,MLP,Threshold recalib. (t=0.70),0.7,
0.6439,0.8104,0.8109,0.533,0.1537,0.467,1401.0,1599.0,461.0,2539.0,MLP,Threshold recalib. (t=0.80),0.8,
0.5919,0.7278,0.6937,0.6527,0.1017,0.3473,1042.0,1958.0,305.0,2695.0,MLP,Drift-feature excl. (K=10),0.5,
0.6831,0.7866,0.7369,0.495,0.116,0.505,1515.0,1485.0,348.0,2652.0,MLP,Drift-feature excl. (K=20),0.5,
0.6427,0.7618,0.704,0.5777,0.0953,0.4223,1267.0,1733.0,286.0,2714.0,MLP,Drift-feature excl. (K=30),0.5,
0.6166,0.8191,0.8137,0.6151,0.1011,0.3849,1097.0,1753.0,288.0,2562.0,MLP,"Few-shot retrain (5%, n=300)",0.5,
0.7791,0.8771,0.8881,0.2993,0.1396,0.7007,1892.0,808.0,377.0,2323.0,MLP,"Few-shot retrain (10%, n=600)",0.5,
0.8847,,,,,,,,,,MLP,"Full retrain (upper bound, CV)",0.5,0.0098
0.701,0.7399,0.706,0.4403,0.1447,0.5597,1679.0,1321.0,434.0,2566.0,XGBoost,No adaptation (baseline),0.5,
0.7008,0.7399,0.706,0.3683,0.227,0.6317,1895.0,1105.0,681.0,2319.0,XGBoost,Threshold recalib. (t=0.70),0.7,
0.6863,0.7399,0.706,0.329,0.2983,0.671,2013.0,987.0,895.0,2105.0,XGBoost,Threshold recalib. (t=0.80),0.8,
0.6692,0.6987,0.6611,0.4387,0.2147,0.5613,1684.0,1316.0,644.0,2356.0,XGBoost,Drift-feature excl. (K=10),0.5,
0.6416,0.6936,0.6616,0.4707,0.2363,0.5293,1588.0,1412.0,709.0,2291.0,XGBoost,Drift-feature excl. (K=20),0.5,
0.6837,0.7407,0.7334,0.4597,0.1587,0.5403,1621.0,1379.0,476.0,2524.0,XGBoost,Drift-feature excl. (K=30),0.5,
0.8472,0.9218,0.9421,0.1551,0.1505,0.8449,2408.0,442.0,429.0,2421.0,XGBoost,"Few-shot retrain (5%, n=300)",0.5,
0.8775,0.9369,0.9532,0.103,0.1419,0.897,2422.0,278.0,383.0,2317.0,XGBoost,"Few-shot retrain (10%, n=600)",0.5,
0.9223,,,,,,,,,,XGBoost,"Full retrain (upper bound, CV)",0.5,0.0107
