package_name,label,timestamp,reflection_invoke_count,dex_class_loader_count,runtime_exec_count,dynamic_class_load_count,getPackageInfo_count,sendTextMessage_count,getDeviceId_count,getSubscriberId_count,cipher_init_count,cipher_aes_count,cipher_des_count,secret_key_gen_count,base64_encode_count,system_exit_attempt,debugger_check_count,emulator_check_count,root_check_count,sleep_call_count,stack_trace_inspect_count,secure_random_count,verify_attempt_count,string_decrypt_count,native_lib_load_count,implicit_intent_count,startActivity_count,sendBroadcast_count,bindService_count,content_resolver_query_count,content_resolver_insert_count,file_write_count,file_read_sensitive_count,shared_prefs_write_count,openFileOutput_count,deleteFile_count,getExternalStorageDirectory_count,socket_create_count,url_connection_count,ssl_bypass_attempt,dns_lookup_count,setRequestProperty_count,alarm_manager_set_count,job_scheduler_count,register_receiver_count,requestPermission_count,setComponentEnabled_count,thread_create_count,process_list_query_count,memory_alloc_large_count,class_loader_parent_count,native_method_register_count,accessibility_query_count,overlay_window_count,clipboard_read_count,clipboard_write_count,http_get_count,http_post_count,websocket_count,ssl_bypass_count,aes_encrypt_count,rsa_count,hash_md5_count,hash_sha_count,base64_enc_count,base64_dec_count,location_gps_count,location_net_count,camera_open_count,mic_record_count,sms_read_count,call_log_count,file_delete_count,pkg_install_count,pkg_enum_count,notif_listen_count,screen_capture_count,input_inject_count,acc_action_count,acc_window_count,foreground_service_count,network_score,anti_analysis_score,persistence_score,stealth_score,exfil_score,privilege_score,surveillance_score,dynamic_exec_score,crypto_to_network_ratio,write_to_read_ratio,anti_to_total_ratio,reflection_to_exec_ratio,network_to_activity_ratio,has_crypto_and_network,has_exfil_pattern,has_evasion_pattern,has_persistence_pattern,has_privilege_escalation,has_sms_exfil,has_full_spy_pattern,network_score_per_sec,anti_analysis_score_per_sec,stealth_score_per_sec,dynamic_exec_score_per_sec,reflection_rate,network_events_rate,file_write_rate,crypto_rate,anti_analysis_rate,dynamic_load_rate,log1p_reflection_invoke,log1p_dns_lookup,log1p_shared_prefs_write,log1p_file_read_sensitive,log1p_stack_trace_inspect,log1p_file_write,first_network_ms,first_crypto_ms,first_anti_analysis_ms,first_file_write_ms,first_reflection_ms,first_exec_ms,first_sms_ms,first_dynamic_load_ms,burst_peak_count,session_duration_ms,early_network_flag,early_anti_analysis_flag,crypto_before_network,rapid_burst_flag,early_exec_flag,early_file_write_flag,early_crypto_flag,delta_exec_after_reflection,delta_network_after_file,delta_network_after_crypto,delta_reflection_after_dex,session_anomaly_flag,seq_reflect_before_exec,seq_crypto_before_network,seq_root_check_before_exit,seq_dex_then_reflect,seq_anti_before_payload,seq_file_then_network,seq_contact_then_sms,seq_triple_chain_count,seq_max_chain_length,seq_alternating_crypto_net,seq_reflect_exec_count,seq_dex_reflect_count,seq_file_network_count,seq_crypto_network_count,seq_anti_exec_count,seq_first_reflect_exec_ms,seq_first_dex_reflect_ms,seq_first_file_network_ms,seq_first_crypto_network_ms,seq_first_anti_exec_ms,seq_surveil_before_network,seq_persist_before_exec,seq_clipboard_before_network,seq_overlay_before_network,seq_surveil_network_count,seq_clipboard_network_count,seq_first_surveil_network_ms,seq_first_clipboard_network_ms
com.h,malware,2026-05-09 22:28:22,0,0,0,1,0,0,0,0,0,0,0,0,0,2,0,0,0,1,0,0,0,0,0,2,0,0,0,0,0,0,0,0,0,0,0,0,0,0,0,0,0,0,0,0,0,0,0,0,0,0,0,0,0,0,0,0,0,0,0,0,0,0,0,0,0,0,0,0,0,0,0,0,0,0,0,0,0,0,0,0,3,0,1,0,0,0,0,0.0,0.0,0.5,0.0,0.0,0,0,0,0,0,0,0,0.0,0.0578,0.0193,0.0,0.0,0.0,0.0,0.0,0.0,0.0193,0.0,0.0,0.0,0.0,0.0,0.0,-1,-1,640,-1,-1,-1,-1,632,6,51885,0,1,0,0,0,0,0,-1,-1,-1,-1,0,0,0,0,0,0,0,0,0,0,0,0,0,0,0,0,-1,-1,-1,-1,-1,0,0,0,0,0,0,-1,-1
liwe.wngzla.ykubt,malware,2026-05-09 22:29:27,35660,0,0,1040,0,0,0,0,0,0,0,0,4,0,0,0,0,8,0,0,0,0,0,51,0,0,0,0,0,0,0,0,0,0,0,0,4,0,4,0,2,0,0,0,0,0,0,0,0,0,240,0,0,0,0,0,0,0,0,0,0,0,4,0,0,0,0,0,0,0,0,0,0,0,0,0,0,0,0,8,8,2,36700,12,0,0,35660,0.0,0.0,0.0002,35660.0,8.0,0,1,1,0,0,0,0,0.0658,0.0658,301.9806,293.4231,293.4231,0.0658,0.0,0.0,0.0,8.5575,10.4818,1.6094,0.0,0.0,0.0,0.0,28768,-1,-1,-1,316,-1,-1,17071,1752,121531,0,0,0,1,0,0,0,-1,-1,-1,-16755,0,0,0,0,0,0,0,0,0,0,0,0,0,0,0,0,-1,-1,-1,-1,-1,0,0,0,0,0,0,-1,-1
nsuj.wbbgue.bmzbhnz,malware,2026-05-09 22:29:28,0,0,0,0,0,0,2,0,1,1,0,0,1,0,0,0,0,12,0,0,0,0,0,237701,0,0,0,4,0,0,0,1,0,0,0,0,0,0,1,0,0,0,0,0,0,0,0,0,0,0,34,0,0,0,0,0,0,0,1,0,0,0,1,0,0,0,0,0,0,0,0,0,0,0,0,0,0,0,0,1,12,0,0,3,0,6,0,1.0,0.0,0.0001,0.0,1.0,1,1,0,0,0,0,0,0.0082,0.098,0.0,0.0,0.0,0.0082,0.0,0.0082,0.0,0.0,0.0,0.6931,0.6931,0.0,0.0,0.0,605,596,-1,-1,-1,-1,-1,-1,10637,122411,1,0,1,1,0,0,1,-1,-1,9,-1,0,0,0,0,0,0,0,0,0,0,0,0,0,0,0,0,-1,-1,-1,-1,-1,0,0,0,0,0,0,-1,-1
iakmet.powajekkeh.jrpqhtz,malware,2026-05-09 22:31:42,21,0,0,21,1,0,2,0,0,0,0,0,0,0,0,0,0,0,0,0,0,0,0,2,0,0,0,6,0,0,0,2,0,0,0,0,0,0,0,0,2,0,0,0,0,2,0,0,0,0,54,0,0,0,0,0,0,0,0,0,0,0,0,0,0,0,0,0,0,0,0,0,0,0,0,0,0,0,0,0,0,2,42,0,0,9,21,0.0,0.0,0.0,21.0,0.0,0,0,0,0,0,0,0,0.0,0.0,3.2954,1.6477,1.6477,0.0,0.0,0.0,0.0,1.6477,3.091,0.0,1.0986,0.0,0.0,0.0,-1,-1,-1,-1,585,-1,-1,585,113,12745,0,0,0,1,0,0,0,-1,-1,-1,0,0,0,0,0,0,0,0,0,0,0,0,0,0,0,0,0,-1,-1,-1,-1,-1,0,0,0,0,0,0,-1,-1
lb.iuattiylwr.pcjlwvqooxy,malware,2026-05-09 22:32:02,89,0,0,79,2,0,9,0,0,0,0,0,0,1,0,0,0,1,0,0,0,0,0,13,0,0,0,12,0,0,0,4,0,0,0,0,0,0,0,0,4,0,0,0,0,4,0,0,0,0,1752,0,0,0,0,0,0,0,0,0,0,0,0,0,0,0,0,0,0,0,0,0,0,0,0,0,0,0,0,0,2,4,168,0,0,23,89,0.0,0.0,0.001,89.0,0.0,0,0,1,0,0,0,0,0.0,0.0165,1.383,0.7327,0.7327,0.0,0.0,0.0,0.0,0.6503,4.4998,0.0,1.6094,0.0,0.0,0.0,-1,-1,51425,-1,626,-1,-1,625,1688,121476,0,0,0,1,0,0,0,-1,-1,-1,1,0,0,0,0,0,0,0,0,0,0,0,0,0,0,0,0,-1,-1,-1,-1,-1,0,0,0,0,0,0,-1,-1
com.sssp,malware,2026-05-09 22:35:56,0,0,0,1,0,0,0,0,0,0,0,0,0,2,0,0,0,1,0,0,0,0,0,2,0,0,0,0,0,0,0,0,0,0,0,0,0,0,0,0,0,0,0,0,0,0,0,0,0,0,0,0,0,0,0,0,0,0,0,0,0,0,0,0,0,0,0,0,0,0,0,0,0,0,0,0,0,0,0,0,3,0,1,0,0,0,0,0.0,0.0,0.5,0.0,0.0,0,0,0,0,0,0,0,0.0,0.0247,0.0082,0.0,0.0,0.0,0.0,0.0,0.0,0.0082,0.0,0.0,0.0,0.0,0.0,0.0,-1,-1,410,-1,-1,-1,-1,406,6,121429,0,1,0,0,0,0,0,-1,-1,-1,-1,0,0,0,0,0,0,0,0,0,0,0,0,0,0,0,0,-1,-1,-1,-1,-1,0,0,0,0,0,0,-1,-1
wvf.thpfney.ryza,malware,2026-05-09 22:40:05,30801,0,0,4605,0,0,0,0,0,0,0,0,4,0,0,0,0,10,0,0,0,0,0,52,0,0,0,0,0,0,0,0,0,0,0,0,4,0,4,0,2,0,0,0,0,0,0,0,0,0,240,0,0,0,0,0,0,0,0,0,0,0,4,0,0,0,0,0,0,0,0,0,0,0,0,0,0,0,0,8,10,2,35406,12,0,0,30801,0.0,0.0,0.0003,30801.0,8.0,0,1,1,0,0,0,0,0.0659,0.0823,291.4554,253.5479,253.5479,0.0659,0.0,0.0,0.0,37.9075,10.3353,1.6094,0.0,0.0,0.0,0.0,28707,-1,-1,-1,128,-1,-1,129,1644,121480,0,0,0,1,0,0,0,-1,-1,-1,-1,0,0,0,0,0,0,0,0,0,0,0,0,0,0,0,0,-1,-1,-1,-1,-1,0,0,0,0,0,0,-1,-1
pjz.cnm,malware,2026-05-09 22:42:40,0,0,0,1,0,0,0,0,0,0,0,0,0,2,0,0,0,0,0,0,0,0,0,1,0,0,0,0,0,0,0,0,0,0,0,0,0,0,0,0,0,0,0,0,0,0,0,0,0,0,113,0,0,0,0,0,0,0,0,0,0,0,0,0,0,0,0,0,0,0,0,0,0,0,0,0,0,0,0,0,2,0,1,0,0,0,0,0.0,0.0,0.0171,0.0,0.0,0,0,0,0,0,0,0,0.0,0.0164,0.0082,0.0,0.0,0.0,0.0,0.0,0.0,0.0082,0.0,0.0,0.0,0.0,0.0,0.0,-1,-1,449,-1,-1,-1,-1,444,117,121987,0,1,0,1,0,0,0,-1,-1,-1,-1,0,0,0,0,0,0,0,0,0,0,0,0,0,0,0,0,-1,-1,-1,-1,-1,0,0,0,0,0,0,-1,-1
org.blhelper.vrtwidget,malware,2026-05-09 22:47:30,2,0,0,0,0,0,1,0,0,0,0,0,0,0,0,0,0,1,0,0,0,0,0,876,1,0,0,0,0,0,0,0,0,0,0,2,0,0,2,0,0,0,0,0,0,3,26,0,0,0,35,0,0,0,0,0,0,0,0,0,0,0,0,0,0,0,0,0,0,0,0,0,1,0,0,0,0,0,0,4,1,0,2,4,26,1,2,0.0,0.0,0.0011,2.0,4.0,0,0,1,0,0,0,0,0.0376,0.0094,0.0188,0.0188,0.0188,0.0376,0.0,0.0,0.0,0.0,1.0986,1.0986,0.0,0.0,0.0,0.0,16921,-1,-1,-1,16900,-1,-1,-1,57,106424,0,0,0,1,0,0,0,-1,-1,-1,-1,0,0,0,0,0,0,0,0,0,0,0,0,0,0,0,0,-1,-1,-1,-1,-1,0,0,0,0,0,0,-1,-1
mzmr.iiyma.ssrxp,malware,2026-05-09 22:50:07,0,0,0,0,0,0,4,0,2,2,0,0,2,0,0,0,0,11,0,0,0,0,0,215886,0,0,0,8,0,0,0,2,0,0,0,0,0,0,2,0,0,0,0,0,0,0,0,0,0,0,68,0,0,0,0,0,0,0,2,0,0,0,2,0,0,0,0,0,0,0,0,0,0,0,0,0,0,0,0,2,11,0,0,6,0,12,0,1.0,0.0,0.0001,0.0,2.0,1,1,0,0,0,0,0,0.0164,0.0899,0.0,0.0,0.0,0.0164,0.0,0.0164,0.0,0.0,0.0,1.0986,1.0986,0.0,0.0,0.0,440,434,-1,-1,-1,-1,-1,-1,11145,122323,1,0,1,1,0,0,1,-1,-1,6,-1,0,0,0,0,0,0,0,0,0,0,0,0,0,0,0,0,-1,-1,-1,-1,-1,0,0,0,0,0,0,-1,-1
com.android.tencent.zdevs.bah,malware,2026-05-09 22:54:12,10,0,0,0,0,0,0,0,0,0,0,0,44,0,0,0,0,1,0,0,0,0,0,2,0,0,0,0,0,1,1,0,0,1,2,3,2,0,2,0,0,0,0,0,4,2,0,0,0,0,1412,0,0,0,0,0,0,0,0,0,0,0,44,44,0,0,0,0,0,0,1,0,0,0,0,0,0,0,0,7,1,4,10,52,4,0,10,0.0,1.0,0.0006,10.0,7.0,0,1,1,0,0,0,0,0.0573,0.0082,0.0819,0.0819,0.0819,0.0573,0.0082,0.0,0.0,0.0,2.3979,1.0986,0.0,0.6931,0.0,0.6931,672,-1,-1,1288,1342,-1,-1,-1,461,122165,1,0,0,1,0,1,0,-1,-616,-1,-1,0,0,0,0,0,0,0,0,0,0,0,0,0,0,0,0,-1,-1,-1,-1,-1,0,0,0,0,0,0,-1,-1
kosp.ynqekv.swdt,malware,2026-05-09 22:57:27,0,0,0,0,0,0,2,0,1,1,0,0,1,0,0,0,0,11,0,0,0,0,0,244008,0,0,0,4,0,0,0,1,0,0,0,0,0,0,1,0,0,0,0,0,0,0,0,0,0,0,34,0,0,0,0,0,0,0,1,0,0,0,1,0,0,0,0,0,0,0,0,0,0,0,0,0,0,0,0,1,11,0,0,3,0,6,0,1.0,0.0,0.0,0.0,1.0,1,1,0,0,0,0,0,0.0082,0.0904,0.0,0.0,0.0,0.0082,0.0,0.0082,0.0,0.0,0.0,0.6931,0.6931,0.0,0.0,0.0,448,443,-1,-1,-1,-1,-1,-1,10505,121627,1,0,1,1,0,0,1,-1,-1,5,-1,0,0,0,0,0,0,0,0,0,0,0,0,0,0,0,0,-1,-1,-1,-1,-1,0,0,0,0,0,0,-1,-1
com.brtohersoft.trnity,malware,2026-05-09 23:01:24,0,0,0,0,0,0,2,0,1,1,0,0,1,0,0,0,0,11,0,0,0,0,0,244306,0,0,0,4,0,0,0,1,0,0,0,0,0,0,1,0,0,0,0,0,0,0,0,0,0,0,18,0,0,0,0,0,0,0,1,0,0,0,1,0,0,0,0,0,0,0,0,0,0,0,0,0,0,0,0,1,11,0,0,3,0,6,0,1.0,0.0,0.0,0.0,1.0,1,1,0,0,0,0,0,0.0082,0.0904,0.0,0.0,0.0,0.0082,0.0,0.0082,0.0,0.0,0.0,0.6931,0.6931,0.0,0.0,0.0,547,539,-1,-1,-1,-1,-1,-1,11289,121720,1,0,1,1,0,0,1,-1,-1,8,-1,0,0,0,0,0,0,0,0,0,0,0,0,0,0,0,0,-1,-1,-1,-1,-1,0,0,0,0,0,0,-1,-1
com.heihuang.zr,malware,2026-05-09 23:05:51,1,0,0,1,0,0,0,0,0,0,0,0,0,0,0,0,0,1,0,0,0,0,0,2,1,0,0,0,0,1,0,0,0,0,2,0,0,0,0,0,0,0,0,0,0,0,0,0,0,0,102,0,0,0,0,0,0,0,0,0,0,0,0,0,0,0,0,0,0,0,0,0,0,0,0,0,0,0,0,0,1,0,2,1,0,0,1,0.0,1.0,0.009,1.0,0.0,0,0,1,0,0,0,0,0.0,0.0082,0.0164,0.0082,0.0082,0.0,0.0082,0.0,0.0,0.0082,0.6931,0.0,0.0,0.0,0.0,0.6931,-1,-1,-1,432,478,-1,-1,434,110,121956,0,0,0,1,0,1,0,-1,-1,-1,44,0,0,0,0,0,0,0,0,0,0,0,0,0,0,0,0,-1,-1,-1,-1,-1,0,0,0,0,0,0,-1,-1
com.brand818.promo256,malware,2026-05-10 06:33:01,0,0,0,0,0,0,1,1,0,0,0,0,0,0,0,0,0,0,0,1,0,0,0,14,0,0,0,0,0,1,1,6,0,1,0,1,1,0,1,0,1,0,0,0,0,1,118,0,0,0,14,0,0,0,0,0,0,0,0,0,0,0,0,0,0,0,0,0,0,0,1,0,0,0,0,0,0,0,0,3,0,1,0,4,118,2,0,0.0,1.0,0.0,0.0,3.0,0,0,0,0,0,0,0,0.0246,0.0,0.0,0.0,0.0,0.0246,0.0082,0.0,0.0,0.0,0.0,0.6931,1.9459,0.6931,0.0,0.6931,69240,-1,-1,69230,-1,-1,-1,-1,26,121928,0,0,0,1,0,0,0,-1,10,-1,-1,0,0,0,0,0,0,0,0,0,0,0,0,0,0,0,0,-1,-1,-1,-1,-1,0,0,0,0,0,0,-1,-1
com.yandex226.yandex967,malware,2026-05-10 06:33:01,0,0,0,0,0,0,0,0,0,0,0,0,0,4,0,0,0,0,0,0,0,0,0,7,0,0,0,0,0,0,0,0,0,0,0,0,0,0,0,0,0,0,0,0,0,0,2,0,0,0,45,0,0,0,0,0,0,0,0,0,0,0,0,0,0,0,0,0,0,0,0,0,0,0,0,0,0,0,0,0,4,0,0,0,2,0,0,0.0,0.0,0.069,0.0,0.0,0,0,0,0,0,0,0,0.0,0.0327,0.0,0.0,0.0,0.0,0.0,0.0,0.0,0.0,0.0,0.0,0.0,0.0,0.0,0.0,-1,-1,1093,-1,-1,-1,-1,-1,54,122173,0,1,0,1,0,0,0,-1,-1,-1,-1,0,0,0,0,0,0,0,0,0,0,0,0,0,0,0,0,-1,-1,-1,-1,-1,0,0,0,0,0,0,-1,-1
ru.jdhndtpk.iypwqbmltdwdk,malware,2026-05-10 06:33:05,148,0,0,0,0,0,0,0,0,0,0,0,0,0,0,0,0,8,0,0,0,0,0,75,0,0,0,0,0,0,0,0,0,0,0,0,0,0,0,0,0,0,0,0,0,0,0,0,0,0,210,0,0,0,0,0,0,0,0,0,0,0,0,0,0,0,0,0,0,0,0,0,0,0,0,0,0,0,0,0,8,0,148,0,0,0,148,0.0,0.0,0.0181,148.0,0.0,0,0,1,0,0,0,0,0.0,0.0658,1.2179,1.2179,1.2179,0.0,0.0,0.0,0.0,0.0,5.0039,0.0,0.0,0.0,0.0,0.0,-1,-1,-1,-1,2491,-1,-1,-1,176,121522,0,0,0,1,0,0,0,-1,-1,-1,-1,0,0,0,0,0,0,0,0,0,0,0,0,0,0,0,0,-1,-1,-1,-1,-1,0,0,0,0,0,0,-1,-1
spbj.ahfwykt.yjhtup,malware,2026-05-10 06:35:36,35592,0,0,1022,0,0,0,0,0,0,0,0,4,0,0,0,0,8,0,0,0,0,0,51,0,0,0,0,0,0,0,0,0,0,0,0,4,0,4,0,2,0,0,0,0,0,0,0,0,0,240,0,0,0,0,0,0,0,0,0,0,0,4,0,0,0,0,0,0,0,0,0,0,0,0,0,0,0,0,8,8,2,36614,12,0,0,35592,0.0,0.0,0.0002,35592.0,8.0,0,1,1,0,0,0,0,0.0658,0.0658,301.045,292.642,292.642,0.0658,0.0,0.0,0.0,8.403,10.4799,1.6094,0.0,0.0,0.0,0.0,29926,-1,-1,-1,260,-1,-1,16949,1771,121623,0,0,0,1,0,0,0,-1,-1,-1,-16689,0,0,0,0,0,0,0,0,0,0,0,0,0,0,0,0,-1,-1,-1,-1,-1,0,0,0,0,0,0,-1,-1
com.caf.fmradio,malware,2026-05-10 06:35:41,0,0,0,1,0,0,0,0,0,0,0,0,0,2,0,0,0,1,0,0,0,0,0,1,0,0,0,0,0,0,0,0,0,0,0,0,0,0,0,0,0,0,0,0,0,0,0,0,0,0,0,0,0,0,0,0,0,0,0,0,0,0,0,0,0,0,0,0,0,0,0,0,0,0,0,0,0,0,0,0,3,0,1,0,0,0,0,0.0,0.0,0.6,0.0,0.0,0,0,0,0,0,0,0,0.0,0.0237,0.0079,0.0,0.0,0.0,0.0,0.0,0.0,0.0079,0.0,0.0,0.0,0.0,0.0,0.0,-1,-1,340,-1,-1,-1,-1,334,5,126623,0,1,0,0,0,0,0,-1,-1,-1,-1,0,0,0,0,0,0,0,0,0,0,0,0,0,0,0,0,-1,-1,-1,-1,-1,0,0,0,0,0,0,-1,-1
com.delete687.delete910,malware,2026-05-10 06:36:25,0,0,0,1,0,0,1,1,0,0,0,0,0,0,0,0,0,5,0,1,0,0,0,35,0,0,0,0,0,1,1,6,0,1,0,1,0,0,1,0,1,0,0,0,0,1,0,0,0,0,180,0,0,0,0,0,0,0,0,0,0,0,0,0,0,0,0,0,0,0,1,0,0,0,0,0,0,0,0,2,5,1,1,3,0,2,0,0.0,1.0,0.021,0.0,2.0,0,0,0,0,0,0,0,0.0165,0.0411,0.0082,0.0,0.0,0.0165,0.0082,0.0,0.0,0.0082,0.0,0.6931,1.9459,0.6931,0.0,0.6931,58870,-1,-1,58854,-1,-1,-1,58864,87,121513,0,0,0,1,0,0,0,-1,16,-1,-1,0,0,0,0,0,0,0,0,0,0,0,0,0,0,0,0,-1,-1,-1,-1,-1,0,0,0,0,0,0,-1,-1
com.caf.fmradio,malware,2026-05-10 06:38:11,0,0,0,1,0,0,0,0,0,0,0,0,0,2,0,0,0,0,0,0,0,0,0,3,0,0,0,0,0,0,0,0,0,0,0,0,0,0,0,0,0,0,0,0,0,0,0,0,0,0,0,0,0,0,0,0,0,0,0,0,0,0,0,0,0,0,0,0,0,0,0,0,0,0,0,0,0,0,0,0,2,0,1,0,0,0,0,0.0,0.0,0.3333,0.0,0.0,0,0,0,0,0,0,0,0.0,0.0164,0.0082,0.0,0.0,0.0,0.0,0.0,0.0,0.0082,0.0,0.0,0.0,0.0,0.0,0.0,-1,-1,367,-1,-1,-1,-1,362,4,121636,0,1,0,0,0,0,0,-1,-1,-1,-1,0,0,0,0,0,0,0,0,0,0,0,0,0,0,0,0,-1,-1,-1,-1,-1,0,0,0,0,0,0,-1,-1
com.adobe.flashplugin,malware,2026-05-10 06:39:06,0,0,0,0,0,0,0,0,0,0,0,0,0,0,0,0,0,8,0,0,0,0,0,16,0,0,0,0,0,0,0,0,0,0,0,0,0,0,0,0,0,0,0,0,0,0,0,0,0,0,760,0,0,0,0,0,0,0,0,0,0,0,0,0,0,0,0,0,0,0,0,0,0,0,0,0,0,0,0,0,8,0,0,0,0,0,0,0.0,0.0,0.0102,0.0,0.0,0,0,0,0,0,0,0,0.0,0.0658,0.0,0.0,0.0,0.0,0.0,0.0,0.0,0.0,0.0,0.0,0.0,0.0,0.0,0.0,-1,-1,-1,-1,-1,-1,-1,-1,98,121628,0,0,0,1,0,0,0,-1,-1,-1,-1,0,0,0,0,0,0,0,0,0,0,0,0,0,0,0,0,-1,-1,-1,-1,-1,0,0,0,0,0,0,-1,-1
qfu.wfwhgkemerzo.eislrebmhmf,malware,2026-05-10 06:39:36,58,0,0,48,1,0,5,0,0,0,0,0,0,1,0,0,0,1,0,0,0,0,0,7,0,0,0,6,0,0,0,2,0,0,0,0,0,0,0,0,2,0,0,0,0,2,0,0,0,0,1686,0,0,0,0,0,0,0,0,0,0,0,0,0,0,0,0,0,0,0,0,0,0,0,0,0,0,0,0,0,2,2,106,0,0,12,58,0.0,0.0,0.0011,58.0,0.0,0,0,1,0,0,0,0,0.0,0.0164,0.8707,0.4764,0.4764,0.0,0.0,0.0,0.0,0.3943,4.0775,0.0,1.0986,0.0,0.0,0.0,-1,-1,50944,-1,762,-1,-1,761,1670,121746,0,0,0,1,0,0,0,-1,-1,-1,1,0,0,0,0,0,0,0,0,0,0,0,0,0,0,0,0,-1,-1,-1,-1,-1,0,0,0,0,0,0,-1,-1
brqn.jknxtheuavpudn.axztaovv,malware,2026-05-10 06:41:46,22,0,0,18,1,0,0,0,0,0,0,0,0,2,0,0,0,0,0,0,0,0,0,4,0,0,0,6,0,2,2,2,0,2,0,0,0,0,0,0,2,0,0,0,0,3,0,0,0,0,27,0,0,0,0,0,0,0,0,0,0,0,0,0,0,0,0,0,0,0,2,0,0,0,0,0,0,0,0,0,2,2,40,2,0,7,22,0.0,1.0,0.0211,22.0,0.0,0,0,1,0,0,0,0,0.0,0.0164,0.328,0.1804,0.1804,0.0,0.0164,0.0,0.0,0.1476,3.1355,0.0,1.0986,1.0986,0.0,1.0986,-1,-1,446,447,392,-1,-1,392,92,121943,0,1,0,1,0,1,0,-1,-1,-1,0,0,0,0,0,0,0,0,0,0,0,0,0,0,0,0,0,-1,-1,-1,-1,-1,0,0,0,0,0,0,-1,-1
hwmg.vzuskhdfyl.hybzcrkg,malware,2026-05-10 06:42:12,31284,0,0,4671,0,0,0,0,0,0,0,0,4,0,0,0,0,9,0,0,0,0,0,52,0,0,0,0,0,0,0,0,0,0,0,0,4,0,4,0,2,0,0,0,0,0,0,0,0,0,240,0,0,0,0,0,0,0,0,0,0,0,4,0,0,0,0,0,0,0,0,0,0,0,0,0,0,0,0,8,9,2,35955,12,0,0,31284,0.0,0.0,0.0002,31284.0,8.0,0,1,1,0,0,0,0,0.0658,0.074,295.578,257.1788,257.1788,0.0658,0.0,0.0,0.0,38.3993,10.3509,1.6094,0.0,0.0,0.0,0.0,29763,-1,-1,-1,243,-1,-1,247,1701,121643,0,0,0,1,0,0,0,-1,-1,-1,-4,0,0,0,0,0,0,0,0,0,0,0,0,0,0,0,0,-1,-1,-1,-1,-1,0,0,0,0,0,0,-1,-1
com.jianshang.locl,malware,2026-05-10 06:43:02,0,0,0,1,0,0,0,0,0,0,0,0,0,2,0,0,0,0,0,0,0,0,0,1,0,0,0,0,0,2,2,2,0,1,0,0,0,0,0,0,0,0,0,0,0,0,0,0,0,0,0,0,0,0,0,0,0,0,0,0,0,0,0,0,0,0,0,0,0,0,1,0,0,0,0,0,0,0,0,0,2,0,1,2,0,0,0,0.0,1.0,0.1667,0.0,0.0,0,0,0,0,0,0,0,0.0,0.0164,0.0082,0.0,0.0,0.0,0.0164,0.0,0.0,0.0082,0.0,0.0,1.0986,1.0986,0.0,1.0986,-1,-1,433,422,-1,-1,-1,425,12,122117,0,1,0,0,0,1,0,-1,-1,-1,-1,0,0,0,0,0,0,0,0,0,0,0,0,0,0,0,0,-1,-1,-1,-1,-1,0,0,0,0,0,0,-1,-1
wcu.onmsrbt.zrlyuhm,malware,2026-05-10 06:44:48,31087,0,0,4649,0,0,0,0,0,0,0,0,4,0,0,0,0,9,0,0,0,0,0,51,0,0,0,0,0,0,0,0,0,0,0,0,4,0,4,0,2,0,0,0,0,0,0,0,0,0,240,0,0,0,0,0,0,0,0,0,0,0,4,0,0,0,0,0,0,0,0,0,0,0,0,0,0,0,0,8,9,2,35736,12,0,0,31087,0.0,0.0,0.0002,31087.0,8.0,0,1,1,0,0,0,0,0.0658,0.074,293.727,255.5152,255.5152,0.0658,0.0,0.0,0.0,38.2118,10.3446,1.6094,0.0,0.0,0.0,0.0,29699,-1,-1,-1,250,-1,-1,252,1735,121664,0,0,0,1,0,0,0,-1,-1,-1,-2,0,0,0,0,0,0,0,0,0,0,0,0,0,0,0,0,-1,-1,-1,-1,-1,0,0,0,0,0,0,-1,-1
zihao.QQ1365036395,malware,2026-05-10 06:45:07,0,0,0,1,0,0,0,0,0,0,0,0,0,2,0,0,0,0,0,0,0,0,0,1,0,0,0,0,0,0,0,0,0,0,0,0,0,0,0,0,0,0,0,0,0,0,0,0,0,0,58,0,0,0,0,0,0,0,0,0,0,0,0,0,0,0,0,0,0,0,0,0,0,0,0,0,0,0,0,0,2,0,1,0,0,0,0,0.0,0.0,0.0323,0.0,0.0,0,0,0,0,0,0,0,0.0,0.0165,0.0082,0.0,0.0,0.0,0.0,0.0,0.0,0.0082,0.0,0.0,0.0,0.0,0.0,0.0,-1,-1,411,-1,-1,-1,-1,405,62,121446,0,1,0,1,0,0,0,-1,-1,-1,-1,0,0,0,0,0,0,0,0,0,0,0,0,0,0,0,0,-1,-1,-1,-1,-1,0,0,0,0,0,0,-1,-1
com.cjk,malware,2026-05-10 06:46:57,0,0,0,1,0,0,0,0,0,0,0,0,0,2,0,0,0,0,0,0,0,0,0,2,0,0,0,0,0,0,0,0,0,0,0,0,0,0,0,0,0,0,0,0,0,0,0,0,0,0,2,0,0,0,0,0,0,0,0,0,0,0,0,0,0,0,0,0,0,0,0,0,0,0,0,0,0,0,0,0,2,0,1,0,0,0,0,0.0,0.0,0.2857,0.0,0.0,0,0,0,0,0,0,0,0.0,0.0164,0.0082,0.0,0.0,0.0,0.0,0.0,0.0,0.0082,0.0,0.0,0.0,0.0,0.0,0.0,-1,-1,441,-1,-1,-1,-1,436,7,122039,0,1,0,0,0,0,0,-1,-1,-1,-1,0,0,0,0,0,0,0,0,0,0,0,0,0,0,0,0,-1,-1,-1,-1,-1,0,0,0,0,0,0,-1,-1
vql.bemvnf.zgeptuwhq,malware,2026-05-10 06:48:39,50,0,0,43,2,0,2,0,0,0,0,0,0,3,0,0,0,2,0,0,0,0,0,5,0,0,0,12,0,2,2,4,0,2,0,0,0,0,0,0,4,0,0,0,0,6,0,0,0,0,61,0,0,0,0,0,0,0,0,0,0,0,0,0,0,0,0,0,0,0,2,0,0,0,0,0,0,0,0,0,5,4,93,2,0,16,50,0.0,1.0,0.0248,50.0,0.0,0,0,1,0,0,0,0,0.0,0.0486,0.9042,0.4861,0.4861,0.0,0.0194,0.0,0.0,0.4181,3.9318,0.0,1.6094,1.0986,0.0,1.0986,-1,-1,445,447,390,-1,-1,390,100,102857,0,1,0,1,0,1,0,-1,-1,-1,0,0,0,0,0,0,0,0,0,0,0,0,0,0,0,0,0,-1,-1,-1,-1,-1,0,0,0,0,0,0,-1,-1
com.soft890.soft960,malware,2026-05-10 06:49:01,0,0,0,0,0,0,1,1,0,0,0,0,0,0,0,0,0,0,0,1,0,0,0,14,0,0,0,0,0,1,1,6,0,1,0,1,1,0,1,0,1,0,0,0,0,1,117,0,0,0,9,0,0,0,0,0,0,0,0,0,0,0,0,0,0,0,0,0,0,0,1,0,0,0,0,0,0,0,0,3,0,1,0,4,117,2,0,0.0,1.0,0.0,0.0,3.0,0,0,0,0,0,0,0,0.0247,0.0,0.0,0.0,0.0,0.0247,0.0082,0.0,0.0,0.0,0.0,0.6931,1.9459,0.6931,0.0,0.6931,68988,-1,-1,68978,-1,-1,-1,-1,26,121463,0,0,0,1,0,0,0,-1,10,-1,-1,0,0,0,0,0,0,0,0,0,0,0,0,0,0,0,0,-1,-1,-1,-1,-1,0,0,0,0,0,0,-1,-1
com.sistem577.brand911,malware,2026-05-10 06:50:53,0,0,0,0,0,0,1,1,0,0,0,0,0,0,0,0,0,0,0,1,0,0,0,12,0,0,0,0,0,1,1,6,0,1,0,1,1,0,1,0,1,0,0,0,0,1,118,0,0,0,6,0,0,0,0,0,0,0,0,0,0,0,0,0,0,0,0,0,0,0,1,0,0,0,0,0,0,0,0,3,0,1,0,4,118,2,0,0.0,1.0,0.0,0.0,3.0,0,0,0,0,0,0,0,0.0247,0.0,0.0,0.0,0.0,0.0247,0.0082,0.0,0.0,0.0,0.0,0.6931,1.9459,0.6931,0.0,0.6931,68954,-1,-1,68945,-1,-1,-1,-1,26,121543,0,0,0,1,0,0,0,-1,9,-1,-1,0,0,0,0,0,0,0,0,0,0,0,0,0,0,0,0,-1,-1,-1,-1,-1,0,0,0,0,0,0,-1,-1
com.lock.app,malware,2026-05-10 06:51:14,0,0,0,0,0,0,0,0,0,0,0,0,0,0,0,0,0,2,0,0,0,0,0,4,0,0,0,0,0,0,0,0,0,0,0,0,0,0,0,0,0,0,0,0,0,0,0,0,0,0,38,0,0,0,0,0,0,0,0,0,0,0,0,0,0,0,0,0,0,0,0,0,0,0,0,0,0,0,0,0,2,0,0,0,0,0,0,0.0,0.0,0.0455,0.0,0.0,0,0,0,0,0,0,0,0.0,0.0164,0.0,0.0,0.0,0.0,0.0,0.0,0.0,0.0,0.0,0.0,0.0,0.0,0.0,0.0,-1,-1,-1,-1,-1,-1,-1,-1,20,122164,0,0,0,1,0,0,0,-1,-1,-1,-1,0,0,0,0,0,0,0,0,0,0,0,0,0,0,0,0,-1,-1,-1,-1,-1,0,0,0,0,0,0,-1,-1
com.google629.superracer237,malware,2026-05-10 06:53:25,0,0,0,1,0,0,1,1,0,0,0,0,0,0,0,0,0,5,0,1,0,0,0,37,0,0,0,0,0,1,1,6,0,1,0,1,0,0,1,0,1,0,0,0,0,1,0,0,0,0,197,0,0,0,0,0,0,0,0,0,0,0,0,0,0,0,0,0,0,0,1,0,0,0,0,0,0,0,0,2,5,1,1,3,0,2,0,0.0,1.0,0.0195,0.0,2.0,0,0,0,0,0,0,0,0.0164,0.0411,0.0082,0.0,0.0,0.0164,0.0082,0.0,0.0,0.0082,0.0,0.6931,1.9459,0.6931,0.0,0.6931,59749,-1,-1,59731,-1,-1,-1,59742,87,121655,0,0,0,1,0,0,0,-1,18,-1,-1,0,0,0,0,0,0,0,0,0,0,0,0,0,0,0,0,-1,-1,-1,-1,-1,0,0,0,0,0,0,-1,-1
com.ac.to,malware,2026-05-10 06:53:28,0,0,0,0,0,0,0,0,0,0,0,0,0,0,0,0,0,0,0,0,0,0,0,2,0,0,0,0,0,0,0,0,0,0,0,0,0,0,0,0,0,0,0,0,0,0,0,0,0,0,20,0,0,0,0,0,0,0,0,0,0,0,0,0,0,0,0,0,0,0,0,0,0,0,0,0,0,0,0,0,0,0,0,0,0,0,0,0.0,0.0,0.0,0.0,0.0,0,0,0,0,0,0,0,0.0,0.0,0.0,0.0,0.0,0.0,0.0,0.0,0.0,0.0,0.0,0.0,0.0,0.0,0.0,0.0,-1,-1,-1,-1,-1,-1,-1,-1,19,121912,0,0,0,0,0,0,0,-1,-1,-1,-1,0,0,0,0,0,0,0,0,0,0,0,0,0,0,0,0,-1,-1,-1,-1,-1,0,0,0,0,0,0,-1,-1
com.android.x5a807058,malware,2026-05-10 06:55:51,0,0,0,0,0,0,0,0,0,0,0,0,0,0,0,0,0,0,0,0,0,0,0,4,0,0,0,0,0,0,0,0,0,0,0,17,23,0,23,0,0,0,0,0,0,0,0,0,0,0,6,0,0,0,0,0,0,0,0,0,0,0,0,0,0,0,0,0,0,0,0,0,0,0,0,0,0,0,0,63,0,0,0,63,0,0,0,0.0,0.0,0.0,0.0,63.0,0,0,0,0,0,0,0,0.5187,0.0,0.0,0.0,0.0,0.5187,0.0,0.0,0.0,0.0,0.0,3.1781,0.0,0.0,0.0,0.0,318,-1,-1,-1,-1,-1,-1,-1,24,121462,1,0,0,1,0,0,0,-1,-1,-1,-1,0,0,0,0,0,0,0,0,0,0,0,0,0,0,0,0,-1,-1,-1,-1,-1,0,0,0,0,0,0,-1,-1
com.rt.me,malware,2026-05-10 06:56:38,0,0,0,0,0,0,0,0,23,23,0,0,0,0,0,0,0,1,0,0,0,0,0,4,0,0,0,0,0,0,0,0,0,0,0,0,0,0,11,0,0,0,0,0,0,0,0,0,0,0,204,0,0,0,0,0,0,0,0,0,0,0,0,0,0,0,0,0,0,0,0,0,0,0,0,0,0,0,0,11,1,0,0,34,0,0,0,2.0909,0.0,0.0038,0.0,11.0,1,0,0,0,0,0,0,0.0906,0.0082,0.0,0.0,0.0,0.0906,0.0,0.1893,0.0,0.0,0.0,2.4849,0.0,0.0,0.0,0.0,14814,457,-1,-1,-1,-1,-1,-1,110,121478,0,0,1,1,0,0,1,-1,-1,14357,-1,0,0,0,0,0,0,0,0,0,0,0,0,0,0,0,0,-1,-1,-1,-1,-1,0,0,0,0,0,0,-1,-1
org.slempo.service,malware,2026-05-10 06:57:26,2,0,0,0,0,0,1,0,0,0,0,0,0,2,0,0,0,0,0,0,0,0,0,1052,1,0,0,0,0,0,0,0,0,0,0,0,0,0,0,0,0,0,0,0,0,1,0,0,0,0,35,0,0,0,0,0,0,0,0,0,0,0,0,0,0,0,0,0,0,0,0,0,1,0,0,0,0,0,0,0,2,0,2,0,0,1,2,0.0,0.0,0.0018,2.0,0.0,0,0,1,0,0,0,0,0.0,0.0161,0.0161,0.0161,0.0161,0.0,0.0,0.0,0.0,0.0,1.0986,0.0,0.0,0.0,0.0,0.0,-1,-1,16850,-1,16847,-1,-1,-1,54,123931,0,0,0,1,0,0,0,-1,-1,-1,-1,0,0,0,0,0,0,0,0,0,0,0,0,0,0,0,0,-1,-1,-1,-1,-1,0,0,0,0,0,0,-1,-1
com.android.admin.hongyan,malware,2026-05-10 06:58:59,0,0,0,1,0,0,0,0,0,0,0,0,0,2,0,0,0,1,0,0,0,0,0,2,0,0,0,0,0,0,0,0,0,0,0,0,0,0,0,0,0,0,0,0,0,0,0,0,0,0,21,0,0,0,0,0,0,0,0,0,0,0,0,0,0,0,0,0,0,0,0,0,0,0,0,0,0,0,0,0,3,0,1,0,0,0,0,0.0,0.0,0.1111,0.0,0.0,0,0,0,0,0,0,0,0.0,0.0246,0.0082,0.0,0.0,0.0,0.0,0.0,0.0,0.0082,0.0,0.0,0.0,0.0,0.0,0.0,-1,-1,2222,-1,-1,-1,-1,2214,26,122114,0,1,0,1,0,0,0,-1,-1,-1,-1,0,0,0,0,0,0,0,0,0,0,0,0,0,0,0,0,-1,-1,-1,-1,-1,0,0,0,0,0,0,-1,-1
com.android.admin.hongyan,malware,2026-05-10 06:59:13,0,0,0,1,0,0,0,0,0,0,0,0,0,2,0,0,0,1,0,0,0,0,0,2,0,0,0,0,0,0,0,0,0,0,0,0,0,0,0,0,0,0,0,0,0,0,0,0,0,0,21,0,0,0,0,0,0,0,0,0,0,0,0,0,0,0,0,0,0,0,0,0,0,0,0,0,0,0,0,0,3,0,1,0,0,0,0,0.0,0.0,0.1111,0.0,0.0,0,0,0,0,0,0,0,0.0,0.0247,0.0082,0.0,0.0,0.0,0.0,0.0,0.0,0.0082,0.0,0.0,0.0,0.0,0.0,0.0,-1,-1,2218,-1,-1,-1,-1,2214,26,121458,0,1,0,1,0,0,0,-1,-1,-1,-1,0,0,0,0,0,0,0,0,0,0,0,0,0,0,0,0,-1,-1,-1,-1,-1,0,0,0,0,0,0,-1,-1
com.tujtr.rtbrr,malware,2026-05-10 07:00:08,4,0,0,1,0,0,3,0,0,0,0,0,0,0,0,0,0,4,0,0,0,0,0,7,0,0,0,0,0,6,6,5,0,6,0,3,0,0,9,0,0,0,0,0,0,0,0,0,0,0,9,0,0,0,0,0,0,0,0,0,0,0,0,0,0,0,0,0,0,0,6,0,0,0,0,0,0,0,0,12,4,0,5,18,0,3,4,0.0,1.0,0.058,4.0,12.0,0,0,1,0,0,0,0,0.0987,0.0329,0.0411,0.0329,0.0329,0.0987,0.0494,0.0,0.0,0.0082,1.6094,2.3026,1.7918,1.9459,0.0,1.9459,19472,-1,-1,2408,19607,-1,-1,19606,21,121523,0,0,0,1,0,1,0,-1,17064,-1,1,0,0,0,0,0,0,0,0,0,0,0,0,0,0,0,0,-1,-1,-1,-1,-1,0,0,0,0,0,0,-1,-1
com.tentcent.ckq,malware,2026-05-10 07:01:35,0,0,0,1,0,0,0,0,0,0,0,0,0,2,0,0,0,0,0,0,0,0,0,2,0,0,0,0,0,0,0,0,0,0,0,0,0,0,0,0,0,0,0,0,0,0,0,0,0,0,99,0,0,0,0,0,0,0,0,0,0,0,0,0,0,0,0,0,0,0,0,0,0,0,0,0,0,0,0,0,2,0,1,0,0,0,0,0.0,0.0,0.0192,0.0,0.0,0,0,0,0,0,0,0,0.0,0.0164,0.0082,0.0,0.0,0.0,0.0,0.0,0.0,0.0082,0.0,0.0,0.0,0.0,0.0,0.0,-1,-1,418,-1,-1,-1,-1,411,103,122032,0,1,0,1,0,0,0,-1,-1,-1,-1,0,0,0,0,0,0,0,0,0,0,0,0,0,0,0,0,-1,-1,-1,-1,-1,0,0,0,0,0,0,-1,-1
com.bettertomorrowapps.camerablock,malware,2026-05-10 07:01:58,1,0,8,0,1,0,2,1,0,0,0,0,0,0,0,0,0,4,0,0,0,0,0,20,5,0,0,8,0,0,0,0,7,0,3,3,0,0,0,0,1,0,7,0,0,1,0,0,0,0,891,0,0,0,0,0,0,0,0,0,0,0,0,0,0,0,0,0,2,0,0,0,0,0,0,0,0,0,0,3,4,8,1,3,0,12,9,0.0,0.0,0.0041,0.125,0.6,0,0,1,1,0,0,0,0.0247,0.033,0.0082,0.0741,0.0082,0.0247,0.0,0.0,0.0,0.0,0.6931,0.0,0.0,0.0,0.0,0.0,109895,-1,-1,-1,19195,19140,-1,-1,311,121380,0,0,0,1,0,0,0,-55,-1,-1,-1,0,0,0,0,0,0,0,0,0,0,0,0,0,0,0,0,-1,-1,-1,-1,-1,0,0,0,0,0,0,-1,-1
bi.gemolay.sntareson,malware,2026-05-10 07:04:19,0,0,0,0,0,0,2,0,1,1,0,0,1,0,0,0,0,12,0,0,0,0,0,245499,0,0,0,4,0,0,0,1,0,0,0,0,0,0,1,0,0,0,0,0,0,0,0,0,0,0,37,0,0,0,0,0,0,0,1,0,0,0,1,0,0,0,0,0,0,0,0,0,0,0,0,0,0,0,0,1,12,0,0,3,0,6,0,1.0,0.0,0.0,0.0,1.0,1,1,0,0,0,0,0,0.0082,0.0983,0.0,0.0,0.0,0.0082,0.0,0.0082,0.0,0.0,0.0,0.6931,0.6931,0.0,0.0,0.0,444,440,-1,-1,-1,-1,-1,-1,10843,122130,1,0,1,1,0,0,1,-1,-1,4,-1,0,0,0,0,0,0,0,0,0,0,0,0,0,0,0,0,-1,-1,-1,-1,-1,0,0,0,0,0,0,-1,-1
com.cute.pin,malware,2026-05-10 07:04:32,0,0,0,1,0,0,0,0,1,1,0,0,0,2,0,0,0,0,0,0,0,0,0,6,0,0,0,0,0,0,0,0,0,0,0,0,0,0,0,0,0,0,0,0,0,0,0,0,0,0,111,0,0,0,0,0,0,0,0,0,0,0,0,0,0,0,0,0,0,0,0,0,0,0,0,0,0,0,0,0,2,0,1,1,0,0,0,0.0,0.0,0.0164,0.0,0.0,0,0,0,0,0,0,0,0.0,0.0165,0.0082,0.0,0.0,0.0,0.0,0.0082,0.0,0.0082,0.0,0.0,0.0,0.0,0.0,0.0,-1,584,590,-1,-1,-1,-1,584,119,121418,0,1,0,1,0,0,1,-1,-1,-1,-1,0,0,0,0,0,0,0,0,0,0,0,0,0,0,0,0,-1,-1,-1,-1,-1,0,0,0,0,0,0,-1,-1
com.cute.pin,malware,2026-05-10 07:04:50,0,0,0,1,0,0,0,0,1,1,0,0,0,2,0,0,0,0,0,0,0,0,0,2,0,0,0,0,0,0,0,0,0,0,0,0,0,0,0,0,0,0,0,0,0,0,0,0,0,0,111,0,0,0,0,0,0,0,0,0,0,0,0,0,0,0,0,0,0,0,0,0,0,0,0,0,0,0,0,0,2,0,1,1,0,0,0,0.0,0.0,0.0169,0.0,0.0,0,0,0,0,0,0,0,0.0,0.0164,0.0082,0.0,0.0,0.0,0.0,0.0082,0.0,0.0082,0.0,0.0,0.0,0.0,0.0,0.0,-1,681,688,-1,-1,-1,-1,682,118,121755,0,1,0,1,0,0,1,-1,-1,-1,-1,0,0,0,0,0,0,0,0,0,0,0,0,0,0,0,0,-1,-1,-1,-1,-1,0,0,0,0,0,0,-1,-1
